Material1,,,Sim.p1,,,,Sim.p2,,,,Sim.p3,,,,Sim.p4,,,,Sim.p5,,,,Sim.p6,,,,Sim.p7,,,,,,,,,,,,,,,,,,,,,,,,,,,,,,,,,,,,,,,,,,,,,,,,,,
Exp,,,450131,,,,450259,,,,450131,,,,450131,,,,450131,,,,450131,,,,450131,,,,,,,,,,,,,,,,,,,,,,,,,,,,,,,,,,,,,,,,,,,,,,,,,,
"True stress, MPa","True plastic strain, -",,"True stress, MPa","True strain, -","True plastic strain, -",,"True stress, MPa","True strain, -","True plastic strain, -",,"True stress, MPa","True strain, -","True plastic strain, -",,"True stress, MPa","True strain, -","True plastic strain, -",,"True stress, MPa","True strain, -","True plastic strain, -",,"True stress, MPa","True strain, -","True plastic strain, -",,"True stress, MPa","True strain, -","True plastic strain, -",,,,,,,,,,,,,,,,,,,,,,,,,,,,,,,,,,,,,,,,,,,,,,,,
5.489876469,,,1.15E-12,0,-2.55E-18,,1.15E-12,0,-2.55E-18,,1.15E-12,0,-2.55E-18,,1.15E-12,0,-2.55E-18,,1.15E-12,0,-2.55E-18,,1.15E-12,0,-2.55E-18,,1.15E-12,0,-2.55E-18,,,,,,,,,,,,,,,,,,,,,,,,,,,,,,,,,,,,,,,,,,,,,,,,
6.705707364,-4.21956E-05,,107.0408575,0.000238248,4.48E-07,,57.78610569,0.000128657,3.17E-07,,57.78610569,0.000128657,2.81E-07,,57.78610569,0.000128657,2.81E-07,,57.78610569,0.000128657,2.81E-07,,57.78610569,0.000128657,2.81E-07,,57.78610569,0.000128657,2.81E-07,,,,,,,,,,,,,,,,,,,,,,,,,,,,,,,,,,,,,,,,,,,,,,,,
8.092295238,-5.9037E-05,,214.2102459,0.00047647,5.85E-07,,115.6096773,0.000257306,5.44E-07,,115.6096773,0.000257306,4.71E-07,,115.6096773,0.000257306,4.71E-07,,115.6096773,0.000257306,4.71E-07,,115.6096773,0.000257306,4.71E-07,,115.6096773,0.000257306,4.71E-07,,,,,,,,,,,,,,,,,,,,,,,,,,,,,,,,,,,,,,,,,,,,,,,,
9.751440715,-4.54619E-05,,321.5082673,0.000714666,4.11E-07,,173.4707309,0.000385948,6.79E-07,,173.4707309,0.000385948,5.70E-07,,173.4707309,0.000385948,5.70E-07,,173.4707309,0.000385948,5.70E-07,,173.4707309,0.000385948,5.70E-07,,173.4707309,0.000385948,5.70E-07,,,,,,,,,,,,,,,,,,,,,,,,,,,,,,,,,,,,,,,,,,,,,,,,
11.69998468,-7.87756E-05,,428.9348448,0.000952837,-7.46E-08,,231.3692825,0.000514583,7.24E-07,,231.3692825,0.000514583,5.78E-07,,231.3692825,0.000514583,5.78E-07,,231.3692825,0.000514583,5.78E-07,,231.3692825,0.000514583,5.78E-07,,231.3692825,0.000514583,5.78E-07,,,,,,,,,,,,,,,,,,,,,,,,,,,,,,,,,,,,,,,,,,,,,,,,
13.80728601,-6.8206E-05,,536.4613165,0.001190992,-7.97E-07,,289.3053483,0.00064321,6.79E-07,,289.3053483,0.00064321,4.96E-07,,289.3053483,0.00064321,4.96E-07,,289.3053483,0.00064321,4.96E-07,,289.3053483,0.00064321,4.96E-07,,289.3053483,0.00064321,4.96E-07,,,,,,,,,,,,,,,,,,,,,,,,,,,,,,,,,,,,,,,,,,,,,,,,
15.96536499,-6.92996E-05,,643.0025158,0.001429528,1.05E-06,,347.278944,0.000771829,5.42E-07,,347.2789409,0.000771829,3.23E-07,,347.2789409,0.000771829,3.23E-07,,347.2789409,0.000771829,3.23E-07,,347.2789409,0.000771829,3.23E-07,,347.2789409,0.000771829,3.23E-07,,,,,,,,,,,,,,,,,,,,,,,,,,,,,,,,,,,,,,,,,,,,,,,,
18.21786336,-9.19795E-05,,737.7761614,0.001672361,3.33E-05,,405.2900025,0.000900441,3.15E-07,,405.289743,0.000900441,5.95E-08,,405.289743,0.000900441,5.95E-08,,405.289743,0.000900441,5.95E-08,,405.289743,0.000900441,5.95E-08,,405.289743,0.000900441,5.95E-08,,,,,,,,,,,,,,,,,,,,,,,,,,,,,,,,,,,,,,,,,,,,,,,,
20.56858711,-9.24698E-05,,801.5982315,0.001926422,1.46E-04,,463.3365408,0.001029047,2.04E-09,,463.3315703,0.001029048,-2.78E-07,,463.3315707,0.001029048,-2.78E-07,,463.3315706,0.001029048,-2.78E-07,,463.3315706,0.001029048,-2.78E-07,,463.3315703,0.001029048,-2.78E-07,,,,,,,,,,,,,,,,,,,,,,,,,,,,,,,,,,,,,,,,,,,,,,,,
23.01376138,-8.28404E-05,,839.1813908,0.002189944,3.26E-04,,521.3964751,0.001157653,-3.39E-07,,521.3385868,0.001157674,-5.19E-07,,521.3386354,0.001157674,-5.19E-07,,521.3386224,0.001157674,-5.19E-07,,521.3386215,0.001157674,-5.19E-07,,521.3385877,0.001157674,-5.19E-07,,,,,,,,,,,,,,,,,,,,,,,,,,,,,,,,,,,,,,,,,,,,,,,,
25.54554348,-9.4383E-05,,864.9944235,0.002457657,5.36E-04,,579.2960925,0.001286325,-2.59E-07,,578.8303533,0.001286495,5.79E-07,,578.8323147,0.001286494,5.74E-07,,578.8317897,0.001286494,5.76E-07,,578.831753,0.001286494,5.76E-07,,578.8303883,0.001286495,5.79E-07,,,,,,,,,,,,,,,,,,,,,,,,,,,,,,,,,,,,,,,,,,,,,,,,
28.1520234,-0.000120029,,886.2541764,0.002726945,7.58E-04,,636.1056855,0.001415399,2.64E-06,,633.7139009,0.001416271,8.43E-06,,633.7426699,0.00141626,8.35E-06,,633.735004,0.001416263,8.37E-06,,633.7344664,0.001416263,8.37E-06,,633.7144582,0.001416271,8.43E-06,,,,,,,,,,,,,,,,,,,,,,,,,,,,,,,,,,,,,,,,,,,,,,,,
30.80931102,-0.000113978,,905.4588651,0.002996902,9.85E-04,,688.9262631,0.001545931,1.59E-05,,681.4455983,0.001548653,3.48E-05,,681.6280533,0.001548587,3.43E-05,,681.5796341,0.001548604,3.44E-05,,681.5762329,0.001548606,3.44E-05,,681.4495197,0.001548652,3.48E-05,,,,,,,,,,,,,,,,,,,,,,,,,,,,,,,,,,,,,,,,,,,,,,,,
33.53402825,-0.000126209,,923.4797201,0.003267215,1.22E-03,,733.273843,0.001679544,5.10E-05,,718.0928273,0.001685063,8.98E-05,,718.7154405,0.001684836,8.82E-05,,718.5507339,0.001684896,8.86E-05,,718.53915,0.0016849,8.86E-05,,718.1079016,0.001685057,8.97E-05,,,,,,,,,,,,,,,,,,,,,,,,,,,,,,,,,,,,,,,,,,,,,,,,
36.29800337,-0.000128633,,940.6728195,0.003537754,1.45E-03,,766.606811,0.001817151,1.15E-04,,743.8896074,0.001825402,1.73E-04,,745.3045138,0.001824888,1.69E-04,,744.9310278,0.001825023,1.70E-04,,744.9047386,0.001825033,1.70E-04,,743.9284061,0.001825388,1.73E-04,,,,,,,,,,,,,,,,,,,,,,,,,,,,,,,,,,,,,,,,,,,,,,,,
39.02255491,-0.000165983,,957.2151775,0.003808456,1.68E-03,,790.1142666,0.00195831,2.04E-04,,761.8899813,0.001968553,2.76E-04,,764.3918189,0.001967644,2.69E-04,,763.7323832,0.001967884,2.71E-04,,763.6859409,0.0019679,2.71E-04,,761.9676102,0.001968525,2.76E-04,,,,,,,,,,,,,,,,,,,,,,,,,,,,,,,,,,,,,,,,,,,,,,,,
41.76178365,-0.00015761,,973.2110904,0.004079281,1.92E-03,,806.7620893,0.002101937,3.10E-04,,775.1554164,0.002113401,3.91E-04,,778.946382,0.002112024,3.82E-04,,777.9480756,0.002112386,3.84E-04,,777.8777436,0.002112412,3.84E-04,,775.2878965,0.002113353,3.91E-04,,,,,,,,,,,,,,,,,,,,,,,,,,,,,,,,,,,,,,,,,,,,,,,,
44.53606119,-0.000173488,,988.7292541,0.004350205,2.15E-03,,819.1976498,0.002247068,4.28E-04,,785.7064218,0.002259211,5.14E-04,,790.9171708,0.002257319,5.00E-04,,789.5456873,0.002257817,5.04E-04,,789.4490465,0.002257852,5.04E-04,,785.9101429,0.002259137,5.13E-04,,,,,,,,,,,,,,,,,,,,,,,,,,,,,,,,,,,,,,,,,,,,,,,,
47.3412359,-0.000191405,,1003.818206,0.00462121,2.39E-03,,829.1463066,0.002393079,5.52E-04,,794.6738927,0.002405573,6.40E-04,,801.3901869,0.002403135,6.23E-04,,799.6228101,0.002403777,6.27E-04,,799.4982638,0.002403822,6.28E-04,,794.9654952,0.002405468,6.39E-04,,,,,,,,,,,,,,,,,,,,,,,,,,,,,,,,,,,,,,,,,,,,,,,,
50.19919891,-0.000182272,,1018.51428,0.004892283,2.63E-03,,837.5956797,0.00253961,6.79E-04,,802.6578958,0.00255227,7.69E-04,,810.938665,0.002549265,7.48E-04,,808.7595583,0.002550055,7.53E-04,,808.6059994,0.002550111,7.54E-04,,803.0542201,0.002552126,7.68E-04,,,,,,,,,,,,,,,,,,,,,,,,,,,,,,,,,,,,,,,,,,,,,,,,
53.08133181,-0.000212157,,1032.846133,0.005163413,2.87E-03,,845.0880056,0.002686466,8.10E-04,,809.9797311,0.002699185,9.00E-04,,819.8671367,0.002695597,8.74E-04,,817.2647457,0.002696541,8.81E-04,,817.0813723,0.002696608,8.81E-04,,810.4977457,0.002698997,8.98E-04,,,,,,,,,,,,,,,,,,,,,,,,,,,,,,,,,,,,,,,,,,,,,,,,
56.02250239,-0.000212456,,1046.837271,0.005434592,3.11E-03,,851.92404,0.002833537,9.41E-04,,816.819562,0.002846252,1.03E-03,,828.3444591,0.002842072,1.00E-03,,825.3101149,0.002843172,1.01E-03,,825.0963308,0.00284325,1.01E-03,,817.4762748,0.002846014,1.03E-03,,,,,,,,,,,,,,,,,,,,,,,,,,,,,,,,,,,,,,,,,,,,,,,,
59.00609014,-0.000224244,,1060.50747,0.005705812,3.35E-03,,858.2777327,0.002980761,1.07E-03,,823.2848512,0.002993433,1.16E-03,,836.4701082,0.002988652,1.13E-03,,832.9971815,0.002989911,1.14E-03,,832.7525356,0.00299,1.14E-03,,824.0972295,0.002993139,1.16E-03,,,,,,,,,,,,,,,,,,,,,,,,,,,,,,,,,,,,,,,,,,,,,,,,
62.00341828,-0.000255934,,1073.873663,0.005977068,3.59E-03,,864.2553992,0.003128099,1.21E-03,,829.4440203,0.003140704,1.30E-03,,844.3066545,0.003135316,1.26E-03,,840.3900083,0.003136735,1.27E-03,,840.1141564,0.003136835,1.27E-03,,830.4289225,0.003140347,1.30E-03,,,,,,,,,,,,,,,,,,,,,,,,,,,,,,,,,,,,,,,,,,,,,,,,
65.05247569,-0.000218328,,1086.950557,0.006248353,3.83E-03,,869.9259093,0.003275526,1.34E-03,,835.3435354,0.003288046,1.43E-03,,851.8961295,0.003282047,1.39E-03,,847.5317573,0.003283629,1.40E-03,,847.2244354,0.00328374,1.40E-03,,836.517655,0.003287621,1.43E-03,,,,,,,,,,,,,,,,,,,,,,,,,,,,,,,,,,,,,,,,,,,,,,,,
68.12106582,-0.000215776,,1099.751074,0.006519663,4.08E-03,,875.3365368,0.003423026,1.48E-03,,841.0168094,0.003435449,1.57E-03,,859.2685208,0.003428836,1.52E-03,,854.453291,0.00343058,1.53E-03,,854.1142978,0.003430703,1.53E-03,,842.3966323,0.003434949,1.56E-03,,,,,,,,,,,,,,,,,,,,,,,,,,,,,,,,,,,,,,,,,,,,,,,,
71.19301658,-0.000224779,,1112.286694,0.006790993,4.32E-03,,880.5214876,0.003570585,1.61E-03,,846.4889558,0.003582902,1.70E-03,,866.4462753,0.003575673,1.65E-03,,861.1777409,0.003577581,1.66E-03,,860.8069237,0.003577715,1.67E-03,,848.0907292,0.003582322,1.70E-03,,,,,,,,,,,,,,,,,,,,,,,,,,,,,,,,,,,,,,,,,,,,,,,,
74.27684758,-0.000220881,,1124.567718,0.007062341,4.56E-03,,885.506575,0.003718194,1.75E-03,,851.7794884,0.0037304,1.84E-03,,873.4467967,0.003722552,1.78E-03,,867.7230524,0.003724625,1.80E-03,,867.3202972,0.003724771,1.80E-03,,853.6191971,0.003729733,1.83E-03,,,,,,,,,,,,,,,,,,,,,,,,,,,,,,,,,,,,,,,,,,,,,,,,
77.36586067,-0.0002135,,1136.603459,0.007333703,4.81E-03,,890.3119133,0.003865847,1.89E-03,,856.9040046,0.003877935,1.97E-03,,880.2839458,0.003869469,1.91E-03,,874.1035286,0.003871707,1.93E-03,,873.6687528,0.003871864,1.93E-03,,858.9973464,0.003877177,1.97E-03,,,,,,,,,,,,,,,,,,,,,,,,,,,,,,,,,,,,,,,,,,,,,,,,
80.45210106,-0.000212697,,1148.402373,0.007605075,5.05E-03,,894.9536042,0.004013537,2.03E-03,,861.8753075,0.004025504,2.11E-03,,886.9690274,0.00401642,2.05E-03,,880.3308528,0.004018822,2.06E-03,,879.864001,0.004018991,2.06E-03,,864.2376711,0.004024648,2.10E-03,,,,,,,,,,,,,,,,,,,,,,,,,,,,,,,,,,,,,,,,,,,,,,,,
83.54917274,-0.000230929,,1159.972176,0.007876454,5.30E-03,,899.444865,0.004161259,2.16E-03,,866.7041698,0.004173103,2.25E-03,,893.511477,0.0041634,2.18E-03,,886.4147984,0.004165968,2.20E-03,,885.9158393,0.004166148,2.20E-03,,869.3506153,0.004172144,2.24E-03,,,,,,,,,,,,,,,,,,,,,,,,,,,,,,,,,,,,,,,,,,,,,,,,
86.64337268,-0.000229811,,1171.319931,0.008147839,5.55E-03,,903.7968018,0.004309009,2.30E-03,,871.3998568,0.004320727,2.38E-03,,899.9193452,0.004310407,2.31E-03,,892.3637254,0.00431314,2.33E-03,,891.8326501,0.004313332,2.33E-03,,874.3451005,0.004319661,2.38E-03,,,,,,,,,,,,,,,,,,,,,,,,,,,,,,,,,,,,,,,,,,,,,,,,
89.7746092,-0.000216515,,1182.452141,0.008419226,5.79E-03,,908.0189429,0.004456784,2.44E-03,,875.9704838,0.004468375,2.52E-03,,906.1996366,0.004457438,2.44E-03,,898.1849244,0.004460337,2.46E-03,,897.6217442,0.004460541,2.47E-03,,879.2288865,0.004467195,2.51E-03,,,,,,,,,,,,,,,,,,,,,,,,,,,,,,,,,,,,,,,,,,,,,,,,
92.92509748,-0.000225676,,1193.374818,0.008690614,6.04E-03,,912.1196132,0.004604581,2.58E-03,,880.4232509,0.004616043,2.66E-03,,912.3585414,0.004604491,2.58E-03,,903.884849,0.004607555,2.60E-03,,903.289594,0.004607771,2.60E-03,,884.0088091,0.004614745,2.65E-03,,,,,,,,,,,,,,,,,,,,,,,,,,,,,,,,,,,,,,,,,,,,,,,,
96.09677553,-0.000229864,,1204.093553,0.008962,6.29E-03,,916.1061904,0.004752397,2.72E-03,,884.7645955,0.00476373,2.80E-03,,918.4015901,0.004751564,2.71E-03,,909.4692697,0.004754794,2.73E-03,,908.8419868,0.004755021,2.74E-03,,888.6909357,0.004762309,2.79E-03,,,,,,,,,,,,,,,,,,,,,,,,,,,,,,,,,,,,,,,,,,,,,,,,
99.3233102,-0.000230865,,1214.613568,0.009233383,6.54E-03,,919.9852744,0.00490023,2.86E-03,,889.0003016,0.004911432,2.94E-03,,924.333759,0.004898656,2.85E-03,,914.9433785,0.00490205,2.87E-03,,914.2841299,0.004902289,2.87E-03,,893.2806758,0.004909883,2.93E-03,,,,,,,,,,,,,,,,,,,,,,,,,,,,,,,,,,,,,,,,,,,,,,,,
102.5855627,-0.00023178,,1224.939771,0.009504761,6.78E-03,,923.7628016,0.005048077,3.00E-03,,893.1355898,0.005059149,3.07E-03,,930.159549,0.005045764,2.98E-03,,920.31187,0.005049323,3.00E-03,,919.6207315,0.005049573,3.01E-03,,897.7828727,0.005057468,3.06E-03,,,,,,,,,,,,,,,,,,,,,,,,,,,,,,,,,,,,,,,,,,,,,,,,
105.8799038,-0.000230807,,1292.127495,0.01140414,8.53E-03,,927.4441338,0.005195937,3.14E-03,,897.1751998,0.005206879,3.21E-03,,935.8830521,0.005192886,3.11E-03,,925.5790106,0.00519661,3.14E-03,,924.8560702,0.005196871,3.14E-03,,902.201886,0.00520506,3.20E-03,,,,,,,,,,,,,,,,,,,,,,,,,,,,,,,,,,,,,,,,,,,,,,,,
109.1692402,-0.000227512,,1351.35679,0.013302711,1.03E-02,,931.0341351,0.005343808,3.28E-03,,901.1234614,0.005354619,3.35E-03,,941.5080092,0.005340023,3.25E-03,,930.7487001,0.00534391,3.28E-03,,929.9940568,0.005344183,3.28E-03,,906.5416647,0.005352659,3.34E-03,,,,,,,,,,,,,,,,,,,,,,,,,,,,,,,,,,,,,,,,,,,,,,,,
112.4386089,-0.000239065,,1403.675272,0.0152001,1.21E-02,,934.5372419,0.005491688,3.42E-03,,904.9843567,0.005502368,3.49E-03,,947.0378595,0.005487172,3.38E-03,,935.8245246,0.005491223,3.41E-03,,935.0382879,0.005491507,3.41E-03,,910.8058095,0.005500263,3.48E-03,,,,,,,,,,,,,,,,,,,,,,,,,,,,,,,,,,,,,,,,,,,,,,,,
115.724534,-0.000234608,,1449.955717,0.017095999,1.39E-02,,937.9575236,0.005639576,3.56E-03,,908.7615678,0.005650126,3.63E-03,,952.4757836,0.005634332,3.52E-03,,940.8098023,0.005638546,3.55E-03,,939.9920911,0.005638841,3.55E-03,,914.9976227,0.005647871,3.62E-03,,,,,,,,,,,,,,,,,,,,,,,,,,,,,,,,,,,,,,,,,,,,,,,,
118.995661,-0.00023443,,1490.948836,0.018990149,1.57E-02,,941.2987334,0.00578747,3.70E-03,,912.4585131,0.005797891,3.77E-03,,957.8247381,0.005781503,3.65E-03,,945.7076194,0.005785878,3.68E-03,,944.8585617,0.005786185,3.69E-03,,919.1201464,0.005795482,3.75E-03,,,,,,,,,,,,,,,,,,,,,,,,,,,,,,,,,,,,,,,,,,,,,,,,
122.2445556,-0.000223012,,1527.30869,0.020882323,1.75E-02,,944.5643485,0.00593537,3.84E-03,,916.0783723,0.005945661,3.91E-03,,963.0874843,0.005928682,3.79E-03,,950.5208584,0.00593322,3.82E-03,,949.6405906,0.005933537,3.82E-03,,923.1761895,0.005943095,3.89E-03,,,,,,,,,,,,,,,,,,,,,,,,,,,,,,,,,,,,,,,,,,,,,,,,
125.430548,-0.000224204,,1559.607807,0.022772327,1.93E-02,,947.7575993,0.006083273,3.98E-03,,919.6241059,0.006093436,4.05E-03,,968.266609,0.00607587,3.92E-03,,955.2522187,0.006080568,3.96E-03,,954.3408847,0.006080897,3.96E-03,,927.1683482,0.006090709,4.03E-03,,,,,,,,,,,,,,,,,,,,,,,,,,,,,,,,,,,,,,,,,,,,,,,,
128.5327827,-0.000218399,,1588.347883,0.024659993,2.11E-02,,950.8814907,0.006231179,4.12E-03,,923.0984704,0.006241215,4.19E-03,,973.3645412,0.006223065,4.06E-03,,959.9042315,0.006227924,4.10E-03,,958.9619823,0.006228264,4.10E-03,,931.0990224,0.006238324,4.17E-03,,,,,,,,,,,,,,,,,,,,,,,,,,,,,,,,,,,,,,,,,,,,,,,,
131.626709,-0.000211824,,1613.968432,0.026545175,2.30E-02,,953.9388187,0.006379087,4.26E-03,,926.504033,0.006388996,4.33E-03,,978.3835639,0.006370267,4.20E-03,,964.4792728,0.006375285,4.23E-03,,963.5062653,0.006375636,4.24E-03,,934.9704305,0.006385937,4.31E-03,,,,,,,,,,,,,,,,,,,,,,,,,,,,,,,,,,,,,,,,,,,,,,,,
134.761101,-0.000210855,,1636.854092,0.02842775,2.48E-02,,956.9321849,0.006526996,4.40E-03,,929.8431867,0.00653678,4.47E-03,,983.3258249,0.006517474,4.33E-03,,968.9795732,0.006522651,4.37E-03,,967.9759698,0.006523013,4.37E-03,,938.7846237,0.006533549,4.45E-03,,,,,,,,,,,,,,,,,,,,,,,,,,,,,,,,,,,,,,,,,,,,,,,,
137.9048071,-0.000199189,,1657.340398,0.030307608,2.66E-02,,959.8640111,0.006674905,4.54E-03,,933.1181643,0.006684564,4.61E-03,,988.1933457,0.006664687,4.47E-03,,973.4072286,0.006670021,4.51E-03,,972.3731966,0.006670394,4.51E-03,,942.5435005,0.006681159,4.59E-03,,,,,,,,,,,,,,,,,,,,,,,,,,,,,,,,,,,,,,,,,,,,,,,,
141.0770148,-0.000208968,,1675.719293,0.032184659,2.85E-02,,962.736553,0.006822813,4.68E-03,,936.3310526,0.006832349,4.75E-03,,992.9880309,0.006811903,4.61E-03,,977.7642099,0.006817394,4.65E-03,,976.6999207,0.006817778,4.65E-03,,946.2488197,0.006828766,4.73E-03,,,,,,,,,,,,,,,,,,,,,,,,,,,,,,,,,,,,,,,,,,,,,,,,
144.2819983,-0.000195219,,1692.244057,0.034058826,3.03E-02,,965.5519147,0.00697072,4.83E-03,,939.4838061,0.006980133,4.89E-03,,997.7116768,0.006959124,4.74E-03,,982.0523725,0.006964771,4.78E-03,,980.9580013,0.006965166,4.79E-03,,949.9022143,0.00697637,4.87E-03,,,,,,,,,,,,,,,,,,,,,,,,,,,,,,,,,,,,,,,,,,,,,,,,
147.5146802,-0.000184282,,1707.133524,0.035930043,3.21E-02,,968.3120624,0.007118625,4.97E-03,,942.5782596,0.007127916,5.03E-03,,1002.36598,0.007106347,4.88E-03,,986.2734661,0.007112149,4.92E-03,,985.1491913,0.007112555,4.92E-03,,953.5052035,0.00712397,5.01E-03,,,,,,,,,,,,,,,,,,,,,,,,,,,,,,,,,,,,,,,,,,,,,,,,
150.7474709,-0.000185237,,1720.577059,0.037798255,3.40E-02,,1000.777206,0.009103893,6.88E-03,,979.1944852,0.009111679,6.94E-03,,1058.805386,0.009083006,6.73E-03,,1037.137481,0.009090805,6.79E-03,,1035.630274,0.009091347,6.79E-03,,997.5709527,0.009105053,6.89E-03,,,,,,,,,,,,,,,,,,,,,,,,,,,,,,,,,,,,,,,,,,,,,,,,
153.9359912,-0.000178989,,1732.738702,0.039663418,3.58E-02,,1026.573347,0.011087586,8.81E-03,,1008.491681,0.011094107,8.85E-03,,1105.812329,0.011059102,8.60E-03,,1079.051727,0.011068719,8.67E-03,,1077.197867,0.011069386,8.68E-03,,1035.054861,0.01108454,8.79E-03,,,,,,,,,,,,,,,,,,,,,,,,,,,,,,,,,,,,,,,,,,,,,,,,
157.1290721,-0.000180996,,1743.760309,0.041525493,3.77E-02,,1047.453663,0.013069085,1.07E-02,,1032.274219,0.013074559,1.08E-02,,1145.265642,0.013033963,1.05E-02,,1113.908623,0.013045218,1.06E-02,,1111.744459,0.013045995,1.06E-02,,1067.299614,0.013061957,1.07E-02,,,,,,,,,,,,,,,,,,,,,,,,,,,,,,,,,,,,,,,,,,,,,,,,
160.2881181,-0.000179953,,1753.765211,0.043384451,3.95E-02,,1064.551238,0.015047997,1.27E-02,,1051.765721,0.015052609,1.27E-02,,1178.545359,0.015007102,1.24E-02,,1143.072568,0.015019821,1.25E-02,,1140.632619,0.015020696,1.25E-02,,1095.211027,0.01503699,1.26E-02,,,,,,,,,,,,,,,,,,,,,,,,,,,,,,,,,,,,,,,,,,,,,,,,
163.3582794,-0.000181253,,1762.860993,0.045240264,4.13E-02,,1078.674375,0.017024046,1.46E-02,,1067.864458,0.017027948,1.47E-02,,1206.735243,0.01697814,1.43E-02,,1167.596884,0.01699216,1.44E-02,,1164.912974,0.016993122,1.44E-02,,1119.476993,0.017009406,1.45E-02,,,,,,,,,,,,,,,,,,,,,,,,,,,,,,,,,,,,,,,,,,,,,,,,
166.3694058,-0.000177066,,1771.141752,0.047092913,4.32E-02,,1090.428719,0.018997027,1.66E-02,,1081.254659,0.019000342,1.66E-02,,1230.709859,0.018946776,1.62E-02,,1188.318535,0.018961949,1.63E-02,,1185.419439,0.018962988,1.63E-02,,1140.649615,0.018979018,1.64E-02,,,,,,,,,,,,,,,,,,,,,,,,,,,,,,,,,,,,,,,,,,,,,,,,
169.2890959,-0.000173926,,1778.690187,0.048942381,4.50E-02,,1100.279812,0.02096679,1.85E-02,,1092.467011,0.020969617,1.85E-02,,1251.183192,0.020912766,1.81E-02,,1205.911314,0.020928959,1.82E-02,,1202.822705,0.020930065,1.83E-02,,1159.18376,0.020945678,1.84E-02,,,,,,,,,,,,,,,,,,,,,,,,,,,,,,,,,,,,,,,,,,,,,,,,
172.1083706,-0.000174353,,1785.579295,0.050788654,4.68E-02,,1108.590051,0.022933218,2.05E-02,,1101.916383,0.022935637,2.05E-02,,1268.741027,0.022875914,2.01E-02,,1220.920615,0.022893008,2.02E-02,,1217.665144,0.022894173,2.02E-02,,1175.459162,0.022909262,2.03E-02,,,,,,,,,,,,,,,,,,,,,,,,,,,,,,,,,,,,,,,,,,,,,,,,
174.853386,-0.000169777,,1791.873833,0.052631723,4.87E-02,,1115.643426,0.024896225,2.24E-02,,1109.928198,0.024898301,2.24E-02,,1283.864009,0.024836062,2.20E-02,,1233.788211,0.024853953,2.21E-02,,1230.385697,0.024855169,2.21E-02,,1189.795246,0.024869672,2.22E-02,,,,,,,,,,,,,,,,,,,,,,,,,,,,,,,,,,,,,,,,,,,,,,,,
177.5997355,-0.000160773,,1797.631434,0.05447158,5.05E-02,,1121.663304,0.026855745,2.44E-02,,1116.758396,0.026857532,2.44E-02,,1296.946027,0.026793084,2.39E-02,,1244.871657,0.026811679,2.40E-02,,1241.339324,0.026812942,2.41E-02,,1202.462016,0.026826823,2.42E-02,,,,,,,,,,,,,,,,,,,,,,,,,,,,,,,,,,,,,,,,,,,,,,,,
180.2036759,-0.00015058,,1802.903487,0.056308218,5.23E-02,,1126.826467,0.02881173,2.63E-02,,1122.609522,0.028813272,2.63E-02,,1308.309038,0.028746877,2.58E-02,,1254.460024,0.028766098,2.60E-02,,1250.812802,0.028767401,2.60E-02,,1213.688351,0.028780649,2.61E-02,,,,,,,,,,,,,,,,,,,,,,,,,,,,,,,,,,,,,,,,,,,,,,,,
182.5105947,-0.000146059,,1807.735796,0.058141633,5.41E-02,,1131.273846,0.030764144,2.83E-02,,1127.642896,0.030765478,2.83E-02,,1318.216395,0.030697364,2.78E-02,,1262.787962,0.030717141,2.79E-02,,1259.038798,0.030718479,2.79E-02,,1223.668416,0.030731095,2.80E-02,,,,,,,,,,,,,,,,,,,,,,,,,,,,,,,,,,,,,,,,,,,,,,,,
184.8960643,-0.000133549,,1812.169296,0.059971825,5.59E-02,,1135.11869,0.032712962,3.02E-02,,1131.988399,0.032714117,3.02E-02,,1326.884353,0.03264448,2.97E-02,,1270.046579,0.032664752,2.98E-02,,1266.206708,0.032666123,2.99E-02,,1232.567079,0.032678115,2.99E-02,,,,,,,,,,,,,,,,,,,,,,,,,,,,,,,,,,,,,,,,,,,,,,,,
187.574944,-0.0001278,,1816.240656,0.061798791,5.78E-02,,1138.453082,0.034658164,3.21E-02,,1135.75158,0.034659167,3.21E-02,,1334.49103,0.034588178,3.16E-02,,1276.392734,0.034608893,3.18E-02,,1272.471955,0.034610292,3.18E-02,,1240.524186,0.034621675,3.19E-02,,,,,,,,,,,,,,,,,,,,,,,,,,,,,,,,,,,,,,,,,,,,,,,,
190.562436,-0.000127617,,1819.982815,0.063622533,5.96E-02,,1141.352499,0.03659974,3.41E-02,,1139.019019,0.036600612,3.41E-02,,1341.184418,0.036528417,3.35E-02,,1281.956191,0.036549529,3.37E-02,,1277.963074,0.036550953,3.37E-02,,1247.658495,0.036561747,3.38E-02,,,,,,,,,,,,,,,,,,,,,,,,,,,,,,,,,,,,,,,,,,,,,,,,
193.7518638,-0.000122936,,1823.425371,0.065443052,6.14E-02,,1143.879403,0.038537679,3.60E-02,,1141.862458,0.03853844,3.60E-02,,1347.088215,0.03846517,3.55E-02,,1286.845003,0.038486637,3.56E-02,,1282.787075,0.038488085,3.56E-02,,1254.071081,0.038498308,3.57E-02,,,,,,,,,,,,,,,,,,,,,,,,,,,,,,,,,,,,,,,,,,,,,,,,
197.0300484,-0.000128366,,1826.595053,0.06726035,6.32E-02,,1146.085988,0.04047198,3.79E-02,,1144.341889,0.040472644,3.79E-02,,1352.306466,0.040398413,3.74E-02,,1291.149996,0.0404202,3.76E-02,,1287.033903,0.040421667,3.76E-02,,1259.84823,0.040431342,3.76E-02,,,,,,,,,,,,,,,,,,,,,,,,,,,,,,,,,,,,,,,,,,,,,,,,
200.3574476,-0.00014375,,1829.516053,0.069074432,6.50E-02,,1148.016206,0.042402639,3.99E-02,,1146.507843,0.04240322,3.99E-02,,1356.927585,0.042328128,3.93E-02,,1294.948159,0.042350203,3.95E-02,,1290.77978,0.042351689,3.95E-02,,1265.063795,0.042360838,3.96E-02,,,,,,,,,,,,,,,,,,,,,,,,,,,,,,,,,,,,,,,,,,,,,,,,
203.7845233,-0.000177121,,1832.210255,0.0708853,6.68E-02,,1149.707283,0.044329659,4.18E-02,,1148.40301,0.044330168,4.18E-02,,1361.027138,0.044254304,4.12E-02,,1298.305068,0.044276639,4.14E-02,,1294.08962,0.044278141,4.14E-02,,1269.781359,0.044286786,4.15E-02,,,,,,,,,,,,,,,,,,,,,,,,,,,,,,,,,,,,,,,,,,,,,,,,
207.2739011,-0.000167281,,1834.697476,0.072692961,6.86E-02,,1151.190802,0.046253042,4.37E-02,,1150.06365,0.046253488,4.37E-02,,1364.669955,0.046176931,4.31E-02,,1301.276859,0.0461995,4.33E-02,,1297.018981,0.046201017,4.33E-02,,1274.055931,0.046209181,4.34E-02,,,,,,,,,,,,,,,,,,,,,,,,,,,,,,,,,,,,,,,,,,,,,,,,
210.7212595,-0.00018013,,1836.995675,0.07449742,7.04E-02,,1152.493704,0.048172792,4.56E-02,,1151.520686,0.048173184,4.56E-02,,1367.911914,0.048096003,4.51E-02,,1303.911736,0.048118784,4.52E-02,,1299.615558,0.048120315,4.52E-02,,1277.935326,0.04812802,4.53E-02,,,,,,,,,,,,,,,,,,,,,,,,,,,,,,,,,,,,,,,,,,,,,,,,
214.2385295,-0.000181624,,1839.121134,0.076298682,7.22E-02,,1153.639083,0.050088915,4.75E-02,,1152.800558,0.050089261,4.75E-02,,1370.801313,0.050011518,4.70E-02,,1306.251253,0.05003449,4.71E-02,,1301.92046,0.050036033,4.71E-02,,1281.46123,0.050043303,4.72E-02,,,,,,,,,,,,,,,,,,,,,,,,,,,,,,,,,,,,,,,,,,,,,,,,
217.8409145,-0.000195943,,,,,,1154.64677,0.052001419,4.94E-02,,1153.925951,0.052001723,4.94E-02,,1373.380053,0.051923474,4.89E-02,,1308.331349,0.05194662,4.90E-02,,1303.969232,0.051948174,4.91E-02,,1284.670099,0.05195503,4.91E-02,,,,,,,,,,,,,,,,,,,,,,,,,,,,,,,,,,,,,,,,,,,,,,,,
221.4632016,-0.000194674,,,,,,1155.533849,0.053910311,5.13E-02,,1154.916378,0.053910579,5.13E-02,,1375.684577,0.053831873,5.08E-02,,1310.183151,0.053855176,5.09E-02,,1305.792653,0.053856739,5.10E-02,,1287.593987,0.053863203,5.10E-02,,,,,,,,,,,,,,,,,,,,,,,,,,,,,,,,,,,,,,,,,,,,,,,,
225.1593779,-0.000191395,,,,,,1156.315104,0.055815599,5.32E-02,,1155.788699,0.055815836,5.32E-02,,1377.746641,0.055736716,5.27E-02,,1311.833728,0.055760162,5.28E-02,,1307.417486,0.055761734,5.29E-02,,1290.261219,0.055767827,5.29E-02,,,,,,,,,,,,,,,,,,,,,,,,,,,,,,,,,,,,,,,,,,,,,,,,
228.9322834,-0.000203598,,,,,,1157.003403,0.057717293,5.51E-02,,1156.55755,0.057717502,5.51E-02,,1379.594003,0.057638008,5.46E-02,,1313.30669,0.057661584,5.47E-02,,1308.867066,0.057663164,5.48E-02,,1292.696882,0.057668906,5.48E-02,,,,,,,,,,,,,,,,,,,,,,,,,,,,,,,,,,,,,,,,,,,,,,,,
232.7844456,-0.00021268,,,,,,1157.609989,0.059615403,5.70E-02,,1157.235665,0.059615587,5.70E-02,,1381.25101,0.059535754,5.65E-02,,1314.622679,0.059559448,5.66E-02,,1310.161797,0.059561035,5.67E-02,,1294.923268,0.059566446,5.67E-02,,,,,,,,,,,,,,,,,,,,,,,,,,,,,,,,,,,,,,,,,,,,,,,,
236.6261538,-0.000216393,,,,,,1158.144676,0.061509938,5.89E-02,,1157.834152,0.0615101,5.89E-02,,1382.739065,0.061429959,5.84E-02,,1315.799804,0.06145376,5.85E-02,,1311.319574,0.061455355,5.85E-02,,1296.960296,0.061460453,5.86E-02,,,,,,,,,,,,,,,,,,,,,,,,,,,,,,,,,,,,,,,,,,,,,,,,
240.4722077,-0.000204295,,,,,,1158.616032,0.063400908,6.08E-02,,1158.362696,0.063401051,6.08E-02,,1384.077041,0.063320631,6.02E-02,,1316.853995,0.06334453,6.04E-02,,1312.356134,0.063346131,6.04E-02,,1298.825796,0.063350935,6.05E-02,,,,,,,,,,,,,,,,,,,,,,,,,,,,,,,,,,,,,,,,,,,,,,,,
244.3431424,-0.00021126,,,,,,1159.031552,0.065288326,6.27E-02,,1158.829755,0.06528845,6.27E-02,,1385.281597,0.065207777,6.21E-02,,1317.799261,0.065231765,6.23E-02,,1313.285314,0.065233371,6.23E-02,,1300.535741,0.065237899,6.23E-02,,,,,,,,,,,,,,,,,,,,,,,,,,,,,,,,,,,,,,,,,,,,,,,,
248.2270424,-0.000202532,,,,,,1159.397798,0.0671722,6.46E-02,,1159.2427,0.067172309,6.46E-02,,1386.367444,0.067091405,6.40E-02,,1318.647926,0.067115475,6.42E-02,,1314.119285,0.067117086,6.42E-02,,1302.104474,0.067121354,6.42E-02,,,,,,,,,,,,,,,,,,,,,,,,,,,,,,,,,,,,,,,,,,,,,,,,
252.1392733,-0.000194106,,,,,,1159.720507,0.069052544,6.65E-02,,1159.607965,0.069052638,6.65E-02,,1387.347577,0.068971524,6.59E-02,,1319.410839,0.068995668,6.61E-02,,1314.868759,0.068997284,6.61E-02,,1303.544872,0.069001307,6.61E-02,,,,,,,,,,,,,,,,,,,,,,,,,,,,,,,,,,,,,,,,,,,,,,,,
256.0415303,-0.00021529,,,,,,1160.004694,0.070929368,6.84E-02,,1159.931174,0.070929449,6.84E-02,,1388.233471,0.070848143,6.78E-02,,1320.097546,0.070872355,6.79E-02,,1315.543156,0.070873975,6.80E-02,,1304.868503,0.070877769,6.80E-02,,,,,,,,,,,,,,,,,,,,,,,,,,,,,,,,,,,,,,,,,,,,,,,,
259.9627332,-0.000219605,,,,,,1160.254768,0.072802684,7.02E-02,,1160.217259,0.072802753,7.02E-02,,1389.035268,0.072721271,6.96E-02,,1320.71645,0.072745545,6.98E-02,,1316.150768,0.072747169,6.98E-02,,1306.085759,0.072750748,6.98E-02,,,,,,,,,,,,,,,,,,,,,,,,,,,,,,,,,,,,,,,,,,,,,,,,
263.9266087,-0.000207525,,,,,,1160.474629,0.074672504,7.21E-02,,1160.47056,0.074672561,7.21E-02,,1389.761937,0.074590918,7.15E-02,,1321.274967,0.07461525,7.17E-02,,1316.698914,0.074616877,7.17E-02,,1307.205993,0.074620255,7.17E-02,,,,,,,,,,,,,,,,,,,,,,,,,,,,,,,,,,,,,,,,,,,,,,,,
267.9009832,-0.000202467,,,,,,1160.667734,0.076538839,7.40E-02,,1160.694922,0.076538885,7.40E-02,,1390.421436,0.076457095,7.34E-02,,1321.779686,0.076481479,7.35E-02,,1317.194094,0.07648311,7.36E-02,,1308.237653,0.076486299,7.36E-02,,,,,,,,,,,,,,,,,,,,,,,,,,,,,,,,,,,,,,,,,,,,,,,,
271.9299378,-0.000203019,,,,,,,,,,,,,,,,,,,,,,,,,,,,,,,,,,,,,,,,,,,,,,,,,,,,,,,,,,,,,,,,,,,,,,,,,,,,
275.9798621,-0.000210854,,,,,,,,,,,,,,,,,,,,,,,,,,,,,,,,,,,,,,,,,,,,,,,,,,,,,,,,,,,,,,,,,,,,,,,,,,,,
279.993714,-0.000214694,,,,,,,,,,,,,,,,,,,,,,,,,,,,,,,,,,,,,,,,,,,,,,,,,,,,,,,,,,,,,,,,,,,,,,,,,,,,
284.0009098,-0.000203287,,,,,,,,,,,,,,,,,,,,,,,,,,,,,,,,,,,,,,,,,,,,,,,,,,,,,,,,,,,,,,,,,,,,,,,,,,,,
288.0202946,-0.000215252,,,,,,,,,,,,,,,,,,,,,,,,,,,,,,,,,,,,,,,,,,,,,,,,,,,,,,,,,,,,,,,,,,,,,,,,,,,,
292.1031941,-0.000196683,,,,,,,,,,,,,,,,,,,,,,,,,,,,,,,,,,,,,,,,,,,,,,,,,,,,,,,,,,,,,,,,,,,,,,,,,,,,
296.2608154,-0.000191305,,,,,,,,,,,,,,,,,,,,,,,,,,,,,,,,,,,,,,,,,,,,,,,,,,,,,,,,,,,,,,,,,,,,,,,,,,,,
300.3785573,-0.000206767,,,,,,,,,,,,,,,,,,,,,,,,,,,,,,,,,,,,,,,,,,,,,,,,,,,,,,,,,,,,,,,,,,,,,,,,,,,,
304.4891078,-0.000219533,,,,,,,,,,,,,,,,,,,,,,,,,,,,,,,,,,,,,,,,,,,,,,,,,,,,,,,,,,,,,,,,,,,,,,,,,,,,
308.6032353,-0.000218701,,,,,,,,,,,,,,,,,,,,,,,,,,,,,,,,,,,,,,,,,,,,,,,,,,,,,,,,,,,,,,,,,,,,,,,,,,,,
312.7420407,-0.000207981,,,,,,,,,,,,,,,,,,,,,,,,,,,,,,,,,,,,,,,,,,,,,,,,,,,,,,,,,,,,,,,,,,,,,,,,,,,,
316.9367205,-0.000192408,,,,,,,,,,,,,,,,,,,,,,,,,,,,,,,,,,,,,,,,,,,,,,,,,,,,,,,,,,,,,,,,,,,,,,,,,,,,
321.122591,-0.000220804,,,,,,,,,,,,,,,,,,,,,,,,,,,,,,,,,,,,,,,,,,,,,,,,,,,,,,,,,,,,,,,,,,,,,,,,,,,,
325.2654016,-0.000207306,,,,,,,,,,,,,,,,,,,,,,,,,,,,,,,,,,,,,,,,,,,,,,,,,,,,,,,,,,,,,,,,,,,,,,,,,,,,
329.421187,-0.000204413,,,,,,,,,,,,,,,,,,,,,,,,,,,,,,,,,,,,,,,,,,,,,,,,,,,,,,,,,,,,,,,,,,,,,,,,,,,,
333.5933059,-0.000202895,,,,,,,,,,,,,,,,,,,,,,,,,,,,,,,,,,,,,,,,,,,,,,,,,,,,,,,,,,,,,,,,,,,,,,,,,,,,
337.805491,-0.000211798,,,,,,,,,,,,,,,,,,,,,,,,,,,,,,,,,,,,,,,,,,,,,,,,,,,,,,,,,,,,,,,,,,,,,,,,,,,,
342.0452907,-0.000206808,,,,,,,,,,,,,,,,,,,,,,,,,,,,,,,,,,,,,,,,,,,,,,,,,,,,,,,,,,,,,,,,,,,,,,,,,,,,
346.2776201,-0.000209871,,,,,,,,,,,,,,,,,,,,,,,,,,,,,,,,,,,,,,,,,,,,,,,,,,,,,,,,,,,,,,,,,,,,,,,,,,,,
350.5277729,-0.000207875,,,,,,,,,,,,,,,,,,,,,,,,,,,,,,,,,,,,,,,,,,,,,,,,,,,,,,,,,,,,,,,,,,,,,,,,,,,,
354.7991924,-0.000222636,,,,,,,,,,,,,,,,,,,,,,,,,,,,,,,,,,,,,,,,,,,,,,,,,,,,,,,,,,,,,,,,,,,,,,,,,,,,
359.1832931,-0.000209499,,,,,,,,,,,,,,,,,,,,,,,,,,,,,,,,,,,,,,,,,,,,,,,,,,,,,,,,,,,,,,,,,,,,,,,,,,,,
363.7142293,-0.000205231,,,,,,,,,,,,,,,,,,,,,,,,,,,,,,,,,,,,,,,,,,,,,,,,,,,,,,,,,,,,,,,,,,,,,,,,,,,,
368.3291962,-0.000207257,,,,,,,,,,,,,,,,,,,,,,,,,,,,,,,,,,,,,,,,,,,,,,,,,,,,,,,,,,,,,,,,,,,,,,,,,,,,
372.9827302,-0.000219908,,,,,,,,,,,,,,,,,,,,,,,,,,,,,,,,,,,,,,,,,,,,,,,,,,,,,,,,,,,,,,,,,,,,,,,,,,,,
377.6710133,-0.000212519,,,,,,,,,,,,,,,,,,,,,,,,,,,,,,,,,,,,,,,,,,,,,,,,,,,,,,,,,,,,,,,,,,,,,,,,,,,,
382.3983967,-0.000214043,,,,,,,,,,,,,,,,,,,,,,,,,,,,,,,,,,,,,,,,,,,,,,,,,,,,,,,,,,,,,,,,,,,,,,,,,,,,
387.2324098,-0.000214023,,,,,,,,,,,,,,,,,,,,,,,,,,,,,,,,,,,,,,,,,,,,,,,,,,,,,,,,,,,,,,,,,,,,,,,,,,,,
392.1083663,-0.0002052,,,,,,,,,,,,,,,,,,,,,,,,,,,,,,,,,,,,,,,,,,,,,,,,,,,,,,,,,,,,,,,,,,,,,,,,,,,,
397.0158986,-0.000211984,,,,,,,,,,,,,,,,,,,,,,,,,,,,,,,,,,,,,,,,,,,,,,,,,,,,,,,,,,,,,,,,,,,,,,,,,,,,
401.9617976,-0.000214104,,,,,,,,,,,,,,,,,,,,,,,,,,,,,,,,,,,,,,,,,,,,,,,,,,,,,,,,,,,,,,,,,,,,,,,,,,,,
406.899426,-0.00021395,,,,,,,,,,,,,,,,,,,,,,,,,,,,,,,,,,,,,,,,,,,,,,,,,,,,,,,,,,,,,,,,,,,,,,,,,,,,
411.8348395,-0.00020898,,,,,,,,,,,,,,,,,,,,,,,,,,,,,,,,,,,,,,,,,,,,,,,,,,,,,,,,,,,,,,,,,,,,,,,,,,,,
416.7976472,-0.000205238,,,,,,,,,,,,,,,,,,,,,,,,,,,,,,,,,,,,,,,,,,,,,,,,,,,,,,,,,,,,,,,,,,,,,,,,,,,,
421.7801804,-0.000191711,,,,,,,,,,,,,,,,,,,,,,,,,,,,,,,,,,,,,,,,,,,,,,,,,,,,,,,,,,,,,,,,,,,,,,,,,,,,
426.7812122,-0.000173916,,,,,,,,,,,,,,,,,,,,,,,,,,,,,,,,,,,,,,,,,,,,,,,,,,,,,,,,,,,,,,,,,,,,,,,,,,,,
431.7965919,-0.000168605,,,,,,,,,,,,,,,,,,,,,,,,,,,,,,,,,,,,,,,,,,,,,,,,,,,,,,,,,,,,,,,,,,,,,,,,,,,,
436.8523712,-0.000188489,,,,,,,,,,,,,,,,,,,,,,,,,,,,,,,,,,,,,,,,,,,,,,,,,,,,,,,,,,,,,,,,,,,,,,,,,,,,
441.9555652,-0.00017335,,,,,,,,,,,,,,,,,,,,,,,,,,,,,,,,,,,,,,,,,,,,,,,,,,,,,,,,,,,,,,,,,,,,,,,,,,,,
447.0532463,-0.000172806,,,,,,,,,,,,,,,,,,,,,,,,,,,,,,,,,,,,,,,,,,,,,,,,,,,,,,,,,,,,,,,,,,,,,,,,,,,,
452.1950661,-0.00016714,,,,,,,,,,,,,,,,,,,,,,,,,,,,,,,,,,,,,,,,,,,,,,,,,,,,,,,,,,,,,,,,,,,,,,,,,,,,
457.3768134,-0.000171457,,,,,,,,,,,,,,,,,,,,,,,,,,,,,,,,,,,,,,,,,,,,,,,,,,,,,,,,,,,,,,,,,,,,,,,,,,,,
462.5775934,-0.000167418,,,,,,,,,,,,,,,,,,,,,,,,,,,,,,,,,,,,,,,,,,,,,,,,,,,,,,,,,,,,,,,,,,,,,,,,,,,,
467.775477,-0.000156611,,,,,,,,,,,,,,,,,,,,,,,,,,,,,,,,,,,,,,,,,,,,,,,,,,,,,,,,,,,,,,,,,,,,,,,,,,,,
472.9176452,-0.000161559,,,,,,,,,,,,,,,,,,,,,,,,,,,,,,,,,,,,,,,,,,,,,,,,,,,,,,,,,,,,,,,,,,,,,,,,,,,,
478.1098613,-0.000159972,,,,,,,,,,,,,,,,,,,,,,,,,,,,,,,,,,,,,,,,,,,,,,,,,,,,,,,,,,,,,,,,,,,,,,,,,,,,
483.3611982,-0.000151973,,,,,,,,,,,,,,,,,,,,,,,,,,,,,,,,,,,,,,,,,,,,,,,,,,,,,,,,,,,,,,,,,,,,,,,,,,,,
488.5631701,-0.000155894,,,,,,,,,,,,,,,,,,,,,,,,,,,,,,,,,,,,,,,,,,,,,,,,,,,,,,,,,,,,,,,,,,,,,,,,,,,,
493.8049338,-0.000142821,,,,,,,,,,,,,,,,,,,,,,,,,,,,,,,,,,,,,,,,,,,,,,,,,,,,,,,,,,,,,,,,,,,,,,,,,,,,
499.0666046,-0.000151103,,,,,,,,,,,,,,,,,,,,,,,,,,,,,,,,,,,,,,,,,,,,,,,,,,,,,,,,,,,,,,,,,,,,,,,,,,,,
504.3970605,-0.000122526,,,,,,,,,,,,,,,,,,,,,,,,,,,,,,,,,,,,,,,,,,,,,,,,,,,,,,,,,,,,,,,,,,,,,,,,,,,,
509.7868507,-0.000134618,,,,,,,,,,,,,,,,,,,,,,,,,,,,,,,,,,,,,,,,,,,,,,,,,,,,,,,,,,,,,,,,,,,,,,,,,,,,
515.1958372,-0.000119264,,,,,,,,,,,,,,,,,,,,,,,,,,,,,,,,,,,,,,,,,,,,,,,,,,,,,,,,,,,,,,,,,,,,,,,,,,,,
520.6063971,-0.000119485,,,,,,,,,,,,,,,,,,,,,,,,,,,,,,,,,,,,,,,,,,,,,,,,,,,,,,,,,,,,,,,,,,,,,,,,,,,,
525.9549186,-0.000128176,,,,,,,,,,,,,,,,,,,,,,,,,,,,,,,,,,,,,,,,,,,,,,,,,,,,,,,,,,,,,,,,,,,,,,,,,,,,
531.2830707,-0.000117448,,,,,,,,,,,,,,,,,,,,,,,,,,,,,,,,,,,,,,,,,,,,,,,,,,,,,,,,,,,,,,,,,,,,,,,,,,,,
536.6399961,-9.86965E-05,,,,,,,,,,,,,,,,,,,,,,,,,,,,,,,,,,,,,,,,,,,,,,,,,,,,,,,,,,,,,,,,,,,,,,,,,,,,
542.0319392,-0.000107129,,,,,,,,,,,,,,,,,,,,,,,,,,,,,,,,,,,,,,,,,,,,,,,,,,,,,,,,,,,,,,,,,,,,,,,,,,,,
547.4186864,-9.29276E-05,,,,,,,,,,,,,,,,,,,,,,,,,,,,,,,,,,,,,,,,,,,,,,,,,,,,,,,,,,,,,,,,,,,,,,,,,,,,
552.8111908,-9.55509E-05,,,,,,,,,,,,,,,,,,,,,,,,,,,,,,,,,,,,,,,,,,,,,,,,,,,,,,,,,,,,,,,,,,,,,,,,,,,,
558.2403979,-9.27043E-05,,,,,,,,,,,,,,,,,,,,,,,,,,,,,,,,,,,,,,,,,,,,,,,,,,,,,,,,,,,,,,,,,,,,,,,,,,,,
563.7550493,-7.22658E-05,,,,,,,,,,,,,,,,,,,,,,,,,,,,,,,,,,,,,,,,,,,,,,,,,,,,,,,,,,,,,,,,,,,,,,,,,,,,
569.3453833,-6.68963E-05,,,,,,,,,,,,,,,,,,,,,,,,,,,,,,,,,,,,,,,,,,,,,,,,,,,,,,,,,,,,,,,,,,,,,,,,,,,,
574.9354655,-5.80014E-05,,,,,,,,,,,,,,,,,,,,,,,,,,,,,,,,,,,,,,,,,,,,,,,,,,,,,,,,,,,,,,,,,,,,,,,,,,,,
580.5173556,-5.72445E-05,,,,,,,,,,,,,,,,,,,,,,,,,,,,,,,,,,,,,,,,,,,,,,,,,,,,,,,,,,,,,,,,,,,,,,,,,,,,
586.0569454,-5.41661E-05,,,,,,,,,,,,,,,,,,,,,,,,,,,,,,,,,,,,,,,,,,,,,,,,,,,,,,,,,,,,,,,,,,,,,,,,,,,,
591.5877146,-4.18437E-05,,,,,,,,,,,,,,,,,,,,,,,,,,,,,,,,,,,,,,,,,,,,,,,,,,,,,,,,,,,,,,,,,,,,,,,,,,,,
597.1398119,-3.59524E-05,,,,,,,,,,,,,,,,,,,,,,,,,,,,,,,,,,,,,,,,,,,,,,,,,,,,,,,,,,,,,,,,,,,,,,,,,,,,
602.6934715,-2.45487E-05,,,,,,,,,,,,,,,,,,,,,,,,,,,,,,,,,,,,,,,,,,,,,,,,,,,,,,,,,,,,,,,,,,,,,,,,,,,,
608.2057521,-3.90365E-05,,,,,,,,,,,,,,,,,,,,,,,,,,,,,,,,,,,,,,,,,,,,,,,,,,,,,,,,,,,,,,,,,,,,,,,,,,,,
613.7172826,-2.59995E-06,,,,,,,,,,,,,,,,,,,,,,,,,,,,,,,,,,,,,,,,,,,,,,,,,,,,,,,,,,,,,,,,,,,,,,,,,,,,
619.2314118,-5.15742E-07,,,,,,,,,,,,,,,,,,,,,,,,,,,,,,,,,,,,,,,,,,,,,,,,,,,,,,,,,,,,,,,,,,,,,,,,,,,,
624.7983119,1.24881E-05,,,,,,,,,,,,,,,,,,,,,,,,,,,,,,,,,,,,,,,,,,,,,,,,,,,,,,,,,,,,,,,,,,,,,,,,,,,,
630.421825,3.48548E-05,,,,,,,,,,,,,,,,,,,,,,,,,,,,,,,,,,,,,,,,,,,,,,,,,,,,,,,,,,,,,,,,,,,,,,,,,,,,
636.1017052,4.55512E-05,,,,,,,,,,,,,,,,,,,,,,,,,,,,,,,,,,,,,,,,,,,,,,,,,,,,,,,,,,,,,,,,,,,,,,,,,,,,
641.7292968,5.34687E-05,,,,,,,,,,,,,,,,,,,,,,,,,,,,,,,,,,,,,,,,,,,,,,,,,,,,,,,,,,,,,,,,,,,,,,,,,,,,
647.2796411,5.24971E-05,,,,,,,,,,,,,,,,,,,,,,,,,,,,,,,,,,,,,,,,,,,,,,,,,,,,,,,,,,,,,,,,,,,,,,,,,,,,
652.8595534,8.20199E-05,,,,,,,,,,,,,,,,,,,,,,,,,,,,,,,,,,,,,,,,,,,,,,,,,,,,,,,,,,,,,,,,,,,,,,,,,,,,
658.4653977,8.84838E-05,,,,,,,,,,,,,,,,,,,,,,,,,,,,,,,,,,,,,,,,,,,,,,,,,,,,,,,,,,,,,,,,,,,,,,,,,,,,
664.0836934,9.55312E-05,,,,,,,,,,,,,,,,,,,,,,,,,,,,,,,,,,,,,,,,,,,,,,,,,,,,,,,,,,,,,,,,,,,,,,,,,,,,
669.6456,0.000112098,,,,,,,,,,,,,,,,,,,,,,,,,,,,,,,,,,,,,,,,,,,,,,,,,,,,,,,,,,,,,,,,,,,,,,,,,,,,
675.1471915,0.000147963,,,,,,,,,,,,,,,,,,,,,,,,,,,,,,,,,,,,,,,,,,,,,,,,,,,,,,,,,,,,,,,,,,,,,,,,,,,,
680.7017664,0.000170469,,,,,,,,,,,,,,,,,,,,,,,,,,,,,,,,,,,,,,,,,,,,,,,,,,,,,,,,,,,,,,,,,,,,,,,,,,,,
686.3090232,0.000179166,,,,,,,,,,,,,,,,,,,,,,,,,,,,,,,,,,,,,,,,,,,,,,,,,,,,,,,,,,,,,,,,,,,,,,,,,,,,
691.9529475,0.000204248,,,,,,,,,,,,,,,,,,,,,,,,,,,,,,,,,,,,,,,,,,,,,,,,,,,,,,,,,,,,,,,,,,,,,,,,,,,,
697.6168246,0.000231377,,,,,,,,,,,,,,,,,,,,,,,,,,,,,,,,,,,,,,,,,,,,,,,,,,,,,,,,,,,,,,,,,,,,,,,,,,,,
703.2416554,0.000256936,,,,,,,,,,,,,,,,,,,,,,,,,,,,,,,,,,,,,,,,,,,,,,,,,,,,,,,,,,,,,,,,,,,,,,,,,,,,
708.8345507,0.000278585,,,,,,,,,,,,,,,,,,,,,,,,,,,,,,,,,,,,,,,,,,,,,,,,,,,,,,,,,,,,,,,,,,,,,,,,,,,,
714.4363243,0.000308447,,,,,,,,,,,,,,,,,,,,,,,,,,,,,,,,,,,,,,,,,,,,,,,,,,,,,,,,,,,,,,,,,,,,,,,,,,,,
720.015128,0.000325224,,,,,,,,,,,,,,,,,,,,,,,,,,,,,,,,,,,,,,,,,,,,,,,,,,,,,,,,,,,,,,,,,,,,,,,,,,,,
725.5858102,0.000348515,,,,,,,,,,,,,,,,,,,,,,,,,,,,,,,,,,,,,,,,,,,,,,,,,,,,,,,,,,,,,,,,,,,,,,,,,,,,
731.0417882,0.00038439,,,,,,,,,,,,,,,,,,,,,,,,,,,,,,,,,,,,,,,,,,,,,,,,,,,,,,,,,,,,,,,,,,,,,,,,,,,,
736.395933,0.000381641,,,,,,,,,,,,,,,,,,,,,,,,,,,,,,,,,,,,,,,,,,,,,,,,,,,,,,,,,,,,,,,,,,,,,,,,,,,,
741.8366632,0.000455893,,,,,,,,,,,,,,,,,,,,,,,,,,,,,,,,,,,,,,,,,,,,,,,,,,,,,,,,,,,,,,,,,,,,,,,,,,,,
747.2774099,0.00047225,,,,,,,,,,,,,,,,,,,,,,,,,,,,,,,,,,,,,,,,,,,,,,,,,,,,,,,,,,,,,,,,,,,,,,,,,,,,
752.8172855,0.000496675,,,,,,,,,,,,,,,,,,,,,,,,,,,,,,,,,,,,,,,,,,,,,,,,,,,,,,,,,,,,,,,,,,,,,,,,,,,,
758.3788727,0.000536768,,,,,,,,,,,,,,,,,,,,,,,,,,,,,,,,,,,,,,,,,,,,,,,,,,,,,,,,,,,,,,,,,,,,,,,,,,,,
763.8669223,0.000555532,,,,,,,,,,,,,,,,,,,,,,,,,,,,,,,,,,,,,,,,,,,,,,,,,,,,,,,,,,,,,,,,,,,,,,,,,,,,
769.3771542,0.000615248,,,,,,,,,,,,,,,,,,,,,,,,,,,,,,,,,,,,,,,,,,,,,,,,,,,,,,,,,,,,,,,,,,,,,,,,,,,,
774.8402594,0.000654477,,,,,,,,,,,,,,,,,,,,,,,,,,,,,,,,,,,,,,,,,,,,,,,,,,,,,,,,,,,,,,,,,,,,,,,,,,,,
780.2336817,0.000669405,,,,,,,,,,,,,,,,,,,,,,,,,,,,,,,,,,,,,,,,,,,,,,,,,,,,,,,,,,,,,,,,,,,,,,,,,,,,
785.5863256,0.000706832,,,,,,,,,,,,,,,,,,,,,,,,,,,,,,,,,,,,,,,,,,,,,,,,,,,,,,,,,,,,,,,,,,,,,,,,,,,,
790.8537854,0.000757968,,,,,,,,,,,,,,,,,,,,,,,,,,,,,,,,,,,,,,,,,,,,,,,,,,,,,,,,,,,,,,,,,,,,,,,,,,,,
796.1024145,0.000816319,,,,,,,,,,,,,,,,,,,,,,,,,,,,,,,,,,,,,,,,,,,,,,,,,,,,,,,,,,,,,,,,,,,,,,,,,,,,
801.3786494,0.000859008,,,,,,,,,,,,,,,,,,,,,,,,,,,,,,,,,,,,,,,,,,,,,,,,,,,,,,,,,,,,,,,,,,,,,,,,,,,,
806.6416857,0.000893434,,,,,,,,,,,,,,,,,,,,,,,,,,,,,,,,,,,,,,,,,,,,,,,,,,,,,,,,,,,,,,,,,,,,,,,,,,,,
811.9598566,0.000947662,,,,,,,,,,,,,,,,,,,,,,,,,,,,,,,,,,,,,,,,,,,,,,,,,,,,,,,,,,,,,,,,,,,,,,,,,,,,
817.1934237,0.000957852,,,,,,,,,,,,,,,,,,,,,,,,,,,,,,,,,,,,,,,,,,,,,,,,,,,,,,,,,,,,,,,,,,,,,,,,,,,,
822.4215783,0.001054611,,,,,,,,,,,,,,,,,,,,,,,,,,,,,,,,,,,,,,,,,,,,,,,,,,,,,,,,,,,,,,,,,,,,,,,,,,,,
827.5786044,0.001095042,,,,,,,,,,,,,,,,,,,,,,,,,,,,,,,,,,,,,,,,,,,,,,,,,,,,,,,,,,,,,,,,,,,,,,,,,,,,
832.712045,0.001161823,,,,,,,,,,,,,,,,,,,,,,,,,,,,,,,,,,,,,,,,,,,,,,,,,,,,,,,,,,,,,,,,,,,,,,,,,,,,
837.8190034,0.001223227,,,,,,,,,,,,,,,,,,,,,,,,,,,,,,,,,,,,,,,,,,,,,,,,,,,,,,,,,,,,,,,,,,,,,,,,,,,,
842.8096456,0.001277108,,,,,,,,,,,,,,,,,,,,,,,,,,,,,,,,,,,,,,,,,,,,,,,,,,,,,,,,,,,,,,,,,,,,,,,,,,,,
847.695499,0.001328286,,,,,,,,,,,,,,,,,,,,,,,,,,,,,,,,,,,,,,,,,,,,,,,,,,,,,,,,,,,,,,,,,,,,,,,,,,,,
852.5711685,0.001394025,,,,,,,,,,,,,,,,,,,,,,,,,,,,,,,,,,,,,,,,,,,,,,,,,,,,,,,,,,,,,,,,,,,,,,,,,,,,
857.472552,0.00144878,,,,,,,,,,,,,,,,,,,,,,,,,,,,,,,,,,,,,,,,,,,,,,,,,,,,,,,,,,,,,,,,,,,,,,,,,,,,
862.4070257,0.001530349,,,,,,,,,,,,,,,,,,,,,,,,,,,,,,,,,,,,,,,,,,,,,,,,,,,,,,,,,,,,,,,,,,,,,,,,,,,,
867.3118359,0.001598723,,,,,,,,,,,,,,,,,,,,,,,,,,,,,,,,,,,,,,,,,,,,,,,,,,,,,,,,,,,,,,,,,,,,,,,,,,,,
872.1772773,0.001659937,,,,,,,,,,,,,,,,,,,,,,,,,,,,,,,,,,,,,,,,,,,,,,,,,,,,,,,,,,,,,,,,,,,,,,,,,,,,
877.0812724,0.001741027,,,,,,,,,,,,,,,,,,,,,,,,,,,,,,,,,,,,,,,,,,,,,,,,,,,,,,,,,,,,,,,,,,,,,,,,,,,,
881.9050551,0.001819344,,,,,,,,,,,,,,,,,,,,,,,,,,,,,,,,,,,,,,,,,,,,,,,,,,,,,,,,,,,,,,,,,,,,,,,,,,,,
886.654315,0.00189988,,,,,,,,,,,,,,,,,,,,,,,,,,,,,,,,,,,,,,,,,,,,,,,,,,,,,,,,,,,,,,,,,,,,,,,,,,,,
891.4032014,0.001979625,,,,,,,,,,,,,,,,,,,,,,,,,,,,,,,,,,,,,,,,,,,,,,,,,,,,,,,,,,,,,,,,,,,,,,,,,,,,
896.0909987,0.00206043,,,,,,,,,,,,,,,,,,,,,,,,,,,,,,,,,,,,,,,,,,,,,,,,,,,,,,,,,,,,,,,,,,,,,,,,,,,,
900.7057742,0.002143745,,,,,,,,,,,,,,,,,,,,,,,,,,,,,,,,,,,,,,,,,,,,,,,,,,,,,,,,,,,,,,,,,,,,,,,,,,,,
905.3119788,0.002228823,,,,,,,,,,,,,,,,,,,,,,,,,,,,,,,,,,,,,,,,,,,,,,,,,,,,,,,,,,,,,,,,,,,,,,,,,,,,
909.8977056,0.002321908,,,,,,,,,,,,,,,,,,,,,,,,,,,,,,,,,,,,,,,,,,,,,,,,,,,,,,,,,,,,,,,,,,,,,,,,,,,,
914.5047662,0.002416664,,,,,,,,,,,,,,,,,,,,,,,,,,,,,,,,,,,,,,,,,,,,,,,,,,,,,,,,,,,,,,,,,,,,,,,,,,,,
919.0361047,0.002516932,,,,,,,,,,,,,,,,,,,,,,,,,,,,,,,,,,,,,,,,,,,,,,,,,,,,,,,,,,,,,,,,,,,,,,,,,,,,
923.540718,0.002608615,,,,,,,,,,,,,,,,,,,,,,,,,,,,,,,,,,,,,,,,,,,,,,,,,,,,,,,,,,,,,,,,,,,,,,,,,,,,
928.0725616,0.002709594,,,,,,,,,,,,,,,,,,,,,,,,,,,,,,,,,,,,,,,,,,,,,,,,,,,,,,,,,,,,,,,,,,,,,,,,,,,,
932.5023752,0.002817034,,,,,,,,,,,,,,,,,,,,,,,,,,,,,,,,,,,,,,,,,,,,,,,,,,,,,,,,,,,,,,,,,,,,,,,,,,,,
936.8652708,0.002908932,,,,,,,,,,,,,,,,,,,,,,,,,,,,,,,,,,,,,,,,,,,,,,,,,,,,,,,,,,,,,,,,,,,,,,,,,,,,
941.2065066,0.003036732,,,,,,,,,,,,,,,,,,,,,,,,,,,,,,,,,,,,,,,,,,,,,,,,,,,,,,,,,,,,,,,,,,,,,,,,,,,,
945.4691351,0.003146118,,,,,,,,,,,,,,,,,,,,,,,,,,,,,,,,,,,,,,,,,,,,,,,,,,,,,,,,,,,,,,,,,,,,,,,,,,,,
949.6568743,0.003271326,,,,,,,,,,,,,,,,,,,,,,,,,,,,,,,,,,,,,,,,,,,,,,,,,,,,,,,,,,,,,,,,,,,,,,,,,,,,
953.7436571,0.003390014,,,,,,,,,,,,,,,,,,,,,,,,,,,,,,,,,,,,,,,,,,,,,,,,,,,,,,,,,,,,,,,,,,,,,,,,,,,,
957.7935024,0.003517721,,,,,,,,,,,,,,,,,,,,,,,,,,,,,,,,,,,,,,,,,,,,,,,,,,,,,,,,,,,,,,,,,,,,,,,,,,,,
961.8514565,0.00363841,,,,,,,,,,,,,,,,,,,,,,,,,,,,,,,,,,,,,,,,,,,,,,,,,,,,,,,,,,,,,,,,,,,,,,,,,,,,
965.8806181,0.003781481,,,,,,,,,,,,,,,,,,,,,,,,,,,,,,,,,,,,,,,,,,,,,,,,,,,,,,,,,,,,,,,,,,,,,,,,,,,,
969.8796065,0.003899481,,,,,,,,,,,,,,,,,,,,,,,,,,,,,,,,,,,,,,,,,,,,,,,,,,,,,,,,,,,,,,,,,,,,,,,,,,,,
973.9405443,0.004055026,,,,,,,,,,,,,,,,,,,,,,,,,,,,,,,,,,,,,,,,,,,,,,,,,,,,,,,,,,,,,,,,,,,,,,,,,,,,
977.9639164,0.004195578,,,,,,,,,,,,,,,,,,,,,,,,,,,,,,,,,,,,,,,,,,,,,,,,,,,,,,,,,,,,,,,,,,,,,,,,,,,,
981.8591965,0.004336704,,,,,,,,,,,,,,,,,,,,,,,,,,,,,,,,,,,,,,,,,,,,,,,,,,,,,,,,,,,,,,,,,,,,,,,,,,,,
985.6517438,0.004473593,,,,,,,,,,,,,,,,,,,,,,,,,,,,,,,,,,,,,,,,,,,,,,,,,,,,,,,,,,,,,,,,,,,,,,,,,,,,
989.4298372,0.004643001,,,,,,,,,,,,,,,,,,,,,,,,,,,,,,,,,,,,,,,,,,,,,,,,,,,,,,,,,,,,,,,,,,,,,,,,,,,,
993.1743262,0.004797328,,,,,,,,,,,,,,,,,,,,,,,,,,,,,,,,,,,,,,,,,,,,,,,,,,,,,,,,,,,,,,,,,,,,,,,,,,,,
996.8570091,0.004959432,,,,,,,,,,,,,,,,,,,,,,,,,,,,,,,,,,,,,,,,,,,,,,,,,,,,,,,,,,,,,,,,,,,,,,,,,,,,
1000.49186,0.005111552,,,,,,,,,,,,,,,,,,,,,,,,,,,,,,,,,,,,,,,,,,,,,,,,,,,,,,,,,,,,,,,,,,,,,,,,,,,,
1004.113247,0.005273606,,,,,,,,,,,,,,,,,,,,,,,,,,,,,,,,,,,,,,,,,,,,,,,,,,,,,,,,,,,,,,,,,,,,,,,,,,,,
1007.771437,0.005443734,,,,,,,,,,,,,,,,,,,,,,,,,,,,,,,,,,,,,,,,,,,,,,,,,,,,,,,,,,,,,,,,,,,,,,,,,,,,
1011.462235,0.005630187,,,,,,,,,,,,,,,,,,,,,,,,,,,,,,,,,,,,,,,,,,,,,,,,,,,,,,,,,,,,,,,,,,,,,,,,,,,,
1015.066219,0.005794777,,,,,,,,,,,,,,,,,,,,,,,,,,,,,,,,,,,,,,,,,,,,,,,,,,,,,,,,,,,,,,,,,,,,,,,,,,,,
1018.655563,0.005970026,,,,,,,,,,,,,,,,,,,,,,,,,,,,,,,,,,,,,,,,,,,,,,,,,,,,,,,,,,,,,,,,,,,,,,,,,,,,
1022.168604,0.006155549,,,,,,,,,,,,,,,,,,,,,,,,,,,,,,,,,,,,,,,,,,,,,,,,,,,,,,,,,,,,,,,,,,,,,,,,,,,,
1025.618939,0.006328386,,,,,,,,,,,,,,,,,,,,,,,,,,,,,,,,,,,,,,,,,,,,,,,,,,,,,,,,,,,,,,,,,,,,,,,,,,,,
1029.072129,0.006522488,,,,,,,,,,,,,,,,,,,,,,,,,,,,,,,,,,,,,,,,,,,,,,,,,,,,,,,,,,,,,,,,,,,,,,,,,,,,
1032.452994,0.006699095,,,,,,,,,,,,,,,,,,,,,,,,,,,,,,,,,,,,,,,,,,,,,,,,,,,,,,,,,,,,,,,,,,,,,,,,,,,,
1035.795883,0.006899836,,,,,,,,,,,,,,,,,,,,,,,,,,,,,,,,,,,,,,,,,,,,,,,,,,,,,,,,,,,,,,,,,,,,,,,,,,,,
1039.074668,0.007103701,,,,,,,,,,,,,,,,,,,,,,,,,,,,,,,,,,,,,,,,,,,,,,,,,,,,,,,,,,,,,,,,,,,,,,,,,,,,
1042.300643,0.007272381,,,,,,,,,,,,,,,,,,,,,,,,,,,,,,,,,,,,,,,,,,,,,,,,,,,,,,,,,,,,,,,,,,,,,,,,,,,,
1045.642859,0.007506328,,,,,,,,,,,,,,,,,,,,,,,,,,,,,,,,,,,,,,,,,,,,,,,,,,,,,,,,,,,,,,,,,,,,,,,,,,,,
1048.971964,0.007705157,,,,,,,,,,,,,,,,,,,,,,,,,,,,,,,,,,,,,,,,,,,,,,,,,,,,,,,,,,,,,,,,,,,,,,,,,,,,
1052.254701,0.007906281,,,,,,,,,,,,,,,,,,,,,,,,,,,,,,,,,,,,,,,,,,,,,,,,,,,,,,,,,,,,,,,,,,,,,,,,,,,,
1055.527489,0.008120649,,,,,,,,,,,,,,,,,,,,,,,,,,,,,,,,,,,,,,,,,,,,,,,,,,,,,,,,,,,,,,,,,,,,,,,,,,,,
1058.705523,0.00833572,,,,,,,,,,,,,,,,,,,,,,,,,,,,,,,,,,,,,,,,,,,,,,,,,,,,,,,,,,,,,,,,,,,,,,,,,,,,
1061.84738,0.008527329,,,,,,,,,,,,,,,,,,,,,,,,,,,,,,,,,,,,,,,,,,,,,,,,,,,,,,,,,,,,,,,,,,,,,,,,,,,,
1064.99718,0.00875861,,,,,,,,,,,,,,,,,,,,,,,,,,,,,,,,,,,,,,,,,,,,,,,,,,,,,,,,,,,,,,,,,,,,,,,,,,,,
1068.056855,0.008983433,,,,,,,,,,,,,,,,,,,,,,,,,,,,,,,,,,,,,,,,,,,,,,,,,,,,,,,,,,,,,,,,,,,,,,,,,,,,
1071.125422,0.009198754,,,,,,,,,,,,,,,,,,,,,,,,,,,,,,,,,,,,,,,,,,,,,,,,,,,,,,,,,,,,,,,,,,,,,,,,,,,,
1074.176751,0.00941776,,,,,,,,,,,,,,,,,,,,,,,,,,,,,,,,,,,,,,,,,,,,,,,,,,,,,,,,,,,,,,,,,,,,,,,,,,,,
1077.190354,0.009642218,,,,,,,,,,,,,,,,,,,,,,,,,,,,,,,,,,,,,,,,,,,,,,,,,,,,,,,,,,,,,,,,,,,,,,,,,,,,
1080.207691,0.009874231,,,,,,,,,,,,,,,,,,,,,,,,,,,,,,,,,,,,,,,,,,,,,,,,,,,,,,,,,,,,,,,,,,,,,,,,,,,,
1083.223946,0.010099303,,,,,,,,,,,,,,,,,,,,,,,,,,,,,,,,,,,,,,,,,,,,,,,,,,,,,,,,,,,,,,,,,,,,,,,,,,,,
1086.271397,0.01032593,,,,,,,,,,,,,,,,,,,,,,,,,,,,,,,,,,,,,,,,,,,,,,,,,,,,,,,,,,,,,,,,,,,,,,,,,,,,
1089.263991,0.010549116,,,,,,,,,,,,,,,,,,,,,,,,,,,,,,,,,,,,,,,,,,,,,,,,,,,,,,,,,,,,,,,,,,,,,,,,,,,,
1092.154003,0.010795128,,,,,,,,,,,,,,,,,,,,,,,,,,,,,,,,,,,,,,,,,,,,,,,,,,,,,,,,,,,,,,,,,,,,,,,,,,,,
1095.045277,0.011037089,,,,,,,,,,,,,,,,,,,,,,,,,,,,,,,,,,,,,,,,,,,,,,,,,,,,,,,,,,,,,,,,,,,,,,,,,,,,
1097.950978,0.01127287,,,,,,,,,,,,,,,,,,,,,,,,,,,,,,,,,,,,,,,,,,,,,,,,,,,,,,,,,,,,,,,,,,,,,,,,,,,,
1100.816425,0.011519858,,,,,,,,,,,,,,,,,,,,,,,,,,,,,,,,,,,,,,,,,,,,,,,,,,,,,,,,,,,,,,,,,,,,,,,,,,,,
1103.51862,0.011752768,,,,,,,,,,,,,,,,,,,,,,,,,,,,,,,,,,,,,,,,,,,,,,,,,,,,,,,,,,,,,,,,,,,,,,,,,,,,
1106.204704,0.012000364,,,,,,,,,,,,,,,,,,,,,,,,,,,,,,,,,,,,,,,,,,,,,,,,,,,,,,,,,,,,,,,,,,,,,,,,,,,,
1108.962929,0.012235705,,,,,,,,,,,,,,,,,,,,,,,,,,,,,,,,,,,,,,,,,,,,,,,,,,,,,,,,,,,,,,,,,,,,,,,,,,,,
1111.742136,0.012500881,,,,,,,,,,,,,,,,,,,,,,,,,,,,,,,,,,,,,,,,,,,,,,,,,,,,,,,,,,,,,,,,,,,,,,,,,,,,
1114.469107,0.012749505,,,,,,,,,,,,,,,,,,,,,,,,,,,,,,,,,,,,,,,,,,,,,,,,,,,,,,,,,,,,,,,,,,,,,,,,,,,,
1117.185769,0.012992879,,,,,,,,,,,,,,,,,,,,,,,,,,,,,,,,,,,,,,,,,,,,,,,,,,,,,,,,,,,,,,,,,,,,,,,,,,,,
1119.963673,0.013244319,,,,,,,,,,,,,,,,,,,,,,,,,,,,,,,,,,,,,,,,,,,,,,,,,,,,,,,,,,,,,,,,,,,,,,,,,,,,
1122.709,0.013510438,,,,,,,,,,,,,,,,,,,,,,,,,,,,,,,,,,,,,,,,,,,,,,,,,,,,,,,,,,,,,,,,,,,,,,,,,,,,
1125.356159,0.013759363,,,,,,,,,,,,,,,,,,,,,,,,,,,,,,,,,,,,,,,,,,,,,,,,,,,,,,,,,,,,,,,,,,,,,,,,,,,,
1127.936768,0.014015132,,,,,,,,,,,,,,,,,,,,,,,,,,,,,,,,,,,,,,,,,,,,,,,,,,,,,,,,,,,,,,,,,,,,,,,,,,,,
1130.543691,0.014272402,,,,,,,,,,,,,,,,,,,,,,,,,,,,,,,,,,,,,,,,,,,,,,,,,,,,,,,,,,,,,,,,,,,,,,,,,,,,
1133.094042,0.014541133,,,,,,,,,,,,,,,,,,,,,,,,,,,,,,,,,,,,,,,,,,,,,,,,,,,,,,,,,,,,,,,,,,,,,,,,,,,,
1135.565075,0.014811448,,,,,,,,,,,,,,,,,,,,,,,,,,,,,,,,,,,,,,,,,,,,,,,,,,,,,,,,,,,,,,,,,,,,,,,,,,,,
1138.041706,0.015062873,,,,,,,,,,,,,,,,,,,,,,,,,,,,,,,,,,,,,,,,,,,,,,,,,,,,,,,,,,,,,,,,,,,,,,,,,,,,
1140.573093,0.015349166,,,,,,,,,,,,,,,,,,,,,,,,,,,,,,,,,,,,,,,,,,,,,,,,,,,,,,,,,,,,,,,,,,,,,,,,,,,,
1143.079304,0.015605268,,,,,,,,,,,,,,,,,,,,,,,,,,,,,,,,,,,,,,,,,,,,,,,,,,,,,,,,,,,,,,,,,,,,,,,,,,,,
1145.589778,0.015895092,,,,,,,,,,,,,,,,,,,,,,,,,,,,,,,,,,,,,,,,,,,,,,,,,,,,,,,,,,,,,,,,,,,,,,,,,,,,
1148.065156,0.016154842,,,,,,,,,,,,,,,,,,,,,,,,,,,,,,,,,,,,,,,,,,,,,,,,,,,,,,,,,,,,,,,,,,,,,,,,,,,,
1150.532868,0.016427404,,,,,,,,,,,,,,,,,,,,,,,,,,,,,,,,,,,,,,,,,,,,,,,,,,,,,,,,,,,,,,,,,,,,,,,,,,,,
1152.932661,0.0167082,,,,,,,,,,,,,,,,,,,,,,,,,,,,,,,,,,,,,,,,,,,,,,,,,,,,,,,,,,,,,,,,,,,,,,,,,,,,
1155.276994,0.016992911,,,,,,,,,,,,,,,,,,,,,,,,,,,,,,,,,,,,,,,,,,,,,,,,,,,,,,,,,,,,,,,,,,,,,,,,,,,,
1157.572916,0.017259693,,,,,,,,,,,,,,,,,,,,,,,,,,,,,,,,,,,,,,,,,,,,,,,,,,,,,,,,,,,,,,,,,,,,,,,,,,,,
1159.826177,0.017537049,,,,,,,,,,,,,,,,,,,,,,,,,,,,,,,,,,,,,,,,,,,,,,,,,,,,,,,,,,,,,,,,,,,,,,,,,,,,
1162.102708,0.017834372,,,,,,,,,,,,,,,,,,,,,,,,,,,,,,,,,,,,,,,,,,,,,,,,,,,,,,,,,,,,,,,,,,,,,,,,,,,,
1164.345166,0.018118213,,,,,,,,,,,,,,,,,,,,,,,,,,,,,,,,,,,,,,,,,,,,,,,,,,,,,,,,,,,,,,,,,,,,,,,,,,,,
1166.590969,0.018402533,,,,,,,,,,,,,,,,,,,,,,,,,,,,,,,,,,,,,,,,,,,,,,,,,,,,,,,,,,,,,,,,,,,,,,,,,,,,
1168.865491,0.018683164,,,,,,,,,,,,,,,,,,,,,,,,,,,,,,,,,,,,,,,,,,,,,,,,,,,,,,,,,,,,,,,,,,,,,,,,,,,,
1171.124429,0.018986757,,,,,,,,,,,,,,,,,,,,,,,,,,,,,,,,,,,,,,,,,,,,,,,,,,,,,,,,,,,,,,,,,,,,,,,,,,,,
1173.428403,0.0192836,,,,,,,,,,,,,,,,,,,,,,,,,,,,,,,,,,,,,,,,,,,,,,,,,,,,,,,,,,,,,,,,,,,,,,,,,,,,
1175.698472,0.019581456,,,,,,,,,,,,,,,,,,,,,,,,,,,,,,,,,,,,,,,,,,,,,,,,,,,,,,,,,,,,,,,,,,,,,,,,,,,,
1177.822286,0.019870797,,,,,,,,,,,,,,,,,,,,,,,,,,,,,,,,,,,,,,,,,,,,,,,,,,,,,,,,,,,,,,,,,,,,,,,,,,,,
1179.90836,0.020170279,,,,,,,,,,,,,,,,,,,,,,,,,,,,,,,,,,,,,,,,,,,,,,,,,,,,,,,,,,,,,,,,,,,,,,,,,,,,
1181.908199,0.020455615,,,,,,,,,,,,,,,,,,,,,,,,,,,,,,,,,,,,,,,,,,,,,,,,,,,,,,,,,,,,,,,,,,,,,,,,,,,,
1183.954588,0.020767217,,,,,,,,,,,,,,,,,,,,,,,,,,,,,,,,,,,,,,,,,,,,,,,,,,,,,,,,,,,,,,,,,,,,,,,,,,,,
1186.050641,0.02106591,,,,,,,,,,,,,,,,,,,,,,,,,,,,,,,,,,,,,,,,,,,,,,,,,,,,,,,,,,,,,,,,,,,,,,,,,,,,
1188.118552,0.021361344,,,,,,,,,,,,,,,,,,,,,,,,,,,,,,,,,,,,,,,,,,,,,,,,,,,,,,,,,,,,,,,,,,,,,,,,,,,,
1190.176687,0.021666628,,,,,,,,,,,,,,,,,,,,,,,,,,,,,,,,,,,,,,,,,,,,,,,,,,,,,,,,,,,,,,,,,,,,,,,,,,,,
1192.141966,0.021970708,,,,,,,,,,,,,,,,,,,,,,,,,,,,,,,,,,,,,,,,,,,,,,,,,,,,,,,,,,,,,,,,,,,,,,,,,,,,
1194.107581,0.022289207,,,,,,,,,,,,,,,,,,,,,,,,,,,,,,,,,,,,,,,,,,,,,,,,,,,,,,,,,,,,,,,,,,,,,,,,,,,,
1196.162265,0.02260192,,,,,,,,,,,,,,,,,,,,,,,,,,,,,,,,,,,,,,,,,,,,,,,,,,,,,,,,,,,,,,,,,,,,,,,,,,,,
1198.219359,0.022920508,,,,,,,,,,,,,,,,,,,,,,,,,,,,,,,,,,,,,,,,,,,,,,,,,,,,,,,,,,,,,,,,,,,,,,,,,,,,
1200.19689,0.023220926,,,,,,,,,,,,,,,,,,,,,,,,,,,,,,,,,,,,,,,,,,,,,,,,,,,,,,,,,,,,,,,,,,,,,,,,,,,,
1202.097979,0.023541368,,,,,,,,,,,,,,,,,,,,,,,,,,,,,,,,,,,,,,,,,,,,,,,,,,,,,,,,,,,,,,,,,,,,,,,,,,,,
1203.974419,0.023856373,,,,,,,,,,,,,,,,,,,,,,,,,,,,,,,,,,,,,,,,,,,,,,,,,,,,,,,,,,,,,,,,,,,,,,,,,,,,
1205.844036,0.024178198,,,,,,,,,,,,,,,,,,,,,,,,,,,,,,,,,,,,,,,,,,,,,,,,,,,,,,,,,,,,,,,,,,,,,,,,,,,,
1207.661124,0.024500643,,,,,,,,,,,,,,,,,,,,,,,,,,,,,,,,,,,,,,,,,,,,,,,,,,,,,,,,,,,,,,,,,,,,,,,,,,,,
1209.451915,0.024834717,,,,,,,,,,,,,,,,,,,,,,,,,,,,,,,,,,,,,,,,,,,,,,,,,,,,,,,,,,,,,,,,,,,,,,,,,,,,
1211.225396,0.0251475,,,,,,,,,,,,,,,,,,,,,,,,,,,,,,,,,,,,,,,,,,,,,,,,,,,,,,,,,,,,,,,,,,,,,,,,,,,,
1212.990647,0.025474069,,,,,,,,,,,,,,,,,,,,,,,,,,,,,,,,,,,,,,,,,,,,,,,,,,,,,,,,,,,,,,,,,,,,,,,,,,,,
1214.803875,0.025796265,,,,,,,,,,,,,,,,,,,,,,,,,,,,,,,,,,,,,,,,,,,,,,,,,,,,,,,,,,,,,,,,,,,,,,,,,,,,
1216.683435,0.026139418,,,,,,,,,,,,,,,,,,,,,,,,,,,,,,,,,,,,,,,,,,,,,,,,,,,,,,,,,,,,,,,,,,,,,,,,,,,,
1218.491292,0.026463409,,,,,,,,,,,,,,,,,,,,,,,,,,,,,,,,,,,,,,,,,,,,,,,,,,,,,,,,,,,,,,,,,,,,,,,,,,,,
1220.237053,0.026804747,,,,,,,,,,,,,,,,,,,,,,,,,,,,,,,,,,,,,,,,,,,,,,,,,,,,,,,,,,,,,,,,,,,,,,,,,,,,
1221.896159,0.027130042,,,,,,,,,,,,,,,,,,,,,,,,,,,,,,,,,,,,,,,,,,,,,,,,,,,,,,,,,,,,,,,,,,,,,,,,,,,,
1223.53997,0.027473818,,,,,,,,,,,,,,,,,,,,,,,,,,,,,,,,,,,,,,,,,,,,,,,,,,,,,,,,,,,,,,,,,,,,,,,,,,,,
1225.133357,0.027806465,,,,,,,,,,,,,,,,,,,,,,,,,,,,,,,,,,,,,,,,,,,,,,,,,,,,,,,,,,,,,,,,,,,,,,,,,,,,
1226.728088,0.028143628,,,,,,,,,,,,,,,,,,,,,,,,,,,,,,,,,,,,,,,,,,,,,,,,,,,,,,,,,,,,,,,,,,,,,,,,,,,,
1228.370227,0.028477344,,,,,,,,,,,,,,,,,,,,,,,,,,,,,,,,,,,,,,,,,,,,,,,,,,,,,,,,,,,,,,,,,,,,,,,,,,,,
1230.04025,0.028841736,,,,,,,,,,,,,,,,,,,,,,,,,,,,,,,,,,,,,,,,,,,,,,,,,,,,,,,,,,,,,,,,,,,,,,,,,,,,
1231.617094,0.029172784,,,,,,,,,,,,,,,,,,,,,,,,,,,,,,,,,,,,,,,,,,,,,,,,,,,,,,,,,,,,,,,,,,,,,,,,,,,,
1233.2337,0.029511829,,,,,,,,,,,,,,,,,,,,,,,,,,,,,,,,,,,,,,,,,,,,,,,,,,,,,,,,,,,,,,,,,,,,,,,,,,,,
1234.867529,0.029852772,,,,,,,,,,,,,,,,,,,,,,,,,,,,,,,,,,,,,,,,,,,,,,,,,,,,,,,,,,,,,,,,,,,,,,,,,,,,
1236.515045,0.030216042,,,,,,,,,,,,,,,,,,,,,,,,,,,,,,,,,,,,,,,,,,,,,,,,,,,,,,,,,,,,,,,,,,,,,,,,,,,,
1238.042812,0.030564519,,,,,,,,,,,,,,,,,,,,,,,,,,,,,,,,,,,,,,,,,,,,,,,,,,,,,,,,,,,,,,,,,,,,,,,,,,,,
1239.499052,0.030910813,,,,,,,,,,,,,,,,,,,,,,,,,,,,,,,,,,,,,,,,,,,,,,,,,,,,,,,,,,,,,,,,,,,,,,,,,,,,
1241.007421,0.031260067,,,,,,,,,,,,,,,,,,,,,,,,,,,,,,,,,,,,,,,,,,,,,,,,,,,,,,,,,,,,,,,,,,,,,,,,,,,,
1242.470233,0.031611272,,,,,,,,,,,,,,,,,,,,,,,,,,,,,,,,,,,,,,,,,,,,,,,,,,,,,,,,,,,,,,,,,,,,,,,,,,,,
1243.812675,0.03197904,,,,,,,,,,,,,,,,,,,,,,,,,,,,,,,,,,,,,,,,,,,,,,,,,,,,,,,,,,,,,,,,,,,,,,,,,,,,
1245.184535,0.032338488,,,,,,,,,,,,,,,,,,,,,,,,,,,,,,,,,,,,,,,,,,,,,,,,,,,,,,,,,,,,,,,,,,,,,,,,,,,,
1246.622901,0.032693353,,,,,,,,,,,,,,,,,,,,,,,,,,,,,,,,,,,,,,,,,,,,,,,,,,,,,,,,,,,,,,,,,,,,,,,,,,,,
1248.109366,0.033058085,,,,,,,,,,,,,,,,,,,,,,,,,,,,,,,,,,,,,,,,,,,,,,,,,,,,,,,,,,,,,,,,,,,,,,,,,,,,
1249.616737,0.033421388,,,,,,,,,,,,,,,,,,,,,,,,,,,,,,,,,,,,,,,,,,,,,,,,,,,,,,,,,,,,,,,,,,,,,,,,,,,,
1251.104732,0.033778049,,,,,,,,,,,,,,,,,,,,,,,,,,,,,,,,,,,,,,,,,,,,,,,,,,,,,,,,,,,,,,,,,,,,,,,,,,,,
1252.580734,0.034144467,,,,,,,,,,,,,,,,,,,,,,,,,,,,,,,,,,,,,,,,,,,,,,,,,,,,,,,,,,,,,,,,,,,,,,,,,,,,
1253.894096,0.034510999,,,,,,,,,,,,,,,,,,,,,,,,,,,,,,,,,,,,,,,,,,,,,,,,,,,,,,,,,,,,,,,,,,,,,,,,,,,,
1255.143983,0.034888655,,,,,,,,,,,,,,,,,,,,,,,,,,,,,,,,,,,,,,,,,,,,,,,,,,,,,,,,,,,,,,,,,,,,,,,,,,,,
1256.398075,0.03524995,,,,,,,,,,,,,,,,,,,,,,,,,,,,,,,,,,,,,,,,,,,,,,,,,,,,,,,,,,,,,,,,,,,,,,,,,,,,
1257.655136,0.035631404,,,,,,,,,,,,,,,,,,,,,,,,,,,,,,,,,,,,,,,,,,,,,,,,,,,,,,,,,,,,,,,,,,,,,,,,,,,,
1258.914106,0.035989352,,,,,,,,,,,,,,,,,,,,,,,,,,,,,,,,,,,,,,,,,,,,,,,,,,,,,,,,,,,,,,,,,,,,,,,,,,,,
1260.14089,0.036340677,,,,,,,,,,,,,,,,,,,,,,,,,,,,,,,,,,,,,,,,,,,,,,,,,,,,,,,,,,,,,,,,,,,,,,,,,,,,
1261.433897,0.036724717,,,,,,,,,,,,,,,,,,,,,,,,,,,,,,,,,,,,,,,,,,,,,,,,,,,,,,,,,,,,,,,,,,,,,,,,,,,,
1262.748883,0.037100174,,,,,,,,,,,,,,,,,,,,,,,,,,,,,,,,,,,,,,,,,,,,,,,,,,,,,,,,,,,,,,,,,,,,,,,,,,,,
1264.012139,0.037496788,,,,,,,,,,,,,,,,,,,,,,,,,,,,,,,,,,,,,,,,,,,,,,,,,,,,,,,,,,,,,,,,,,,,,,,,,,,,
1265.244506,0.037871566,,,,,,,,,,,,,,,,,,,,,,,,,,,,,,,,,,,,,,,,,,,,,,,,,,,,,,,,,,,,,,,,,,,,,,,,,,,,
1266.521164,0.038252976,,,,,,,,,,,,,,,,,,,,,,,,,,,,,,,,,,,,,,,,,,,,,,,,,,,,,,,,,,,,,,,,,,,,,,,,,,,,
1267.735863,0.038624316,,,,,,,,,,,,,,,,,,,,,,,,,,,,,,,,,,,,,,,,,,,,,,,,,,,,,,,,,,,,,,,,,,,,,,,,,,,,
1268.914021,0.039015377,,,,,,,,,,,,,,,,,,,,,,,,,,,,,,,,,,,,,,,,,,,,,,,,,,,,,,,,,,,,,,,,,,,,,,,,,,,,
1270.019139,0.039388885,,,,,,,,,,,,,,,,,,,,,,,,,,,,,,,,,,,,,,,,,,,,,,,,,,,,,,,,,,,,,,,,,,,,,,,,,,,,
1271.103049,0.039780923,,,,,,,,,,,,,,,,,,,,,,,,,,,,,,,,,,,,,,,,,,,,,,,,,,,,,,,,,,,,,,,,,,,,,,,,,,,,
1272.143998,0.040166664,,,,,,,,,,,,,,,,,,,,,,,,,,,,,,,,,,,,,,,,,,,,,,,,,,,,,,,,,,,,,,,,,,,,,,,,,,,,
1273.192013,0.040547378,,,,,,,,,,,,,,,,,,,,,,,,,,,,,,,,,,,,,,,,,,,,,,,,,,,,,,,,,,,,,,,,,,,,,,,,,,,,
1274.354866,0.040936544,,,,,,,,,,,,,,,,,,,,,,,,,,,,,,,,,,,,,,,,,,,,,,,,,,,,,,,,,,,,,,,,,,,,,,,,,,,,
1275.543944,0.041323627,,,,,,,,,,,,,,,,,,,,,,,,,,,,,,,,,,,,,,,,,,,,,,,,,,,,,,,,,,,,,,,,,,,,,,,,,,,,
1276.687635,0.041719714,,,,,,,,,,,,,,,,,,,,,,,,,,,,,,,,,,,,,,,,,,,,,,,,,,,,,,,,,,,,,,,,,,,,,,,,,,,,
1277.865108,0.042113471,,,,,,,,,,,,,,,,,,,,,,,,,,,,,,,,,,,,,,,,,,,,,,,,,,,,,,,,,,,,,,,,,,,,,,,,,,,,
1278.974378,0.042506314,,,,,,,,,,,,,,,,,,,,,,,,,,,,,,,,,,,,,,,,,,,,,,,,,,,,,,,,,,,,,,,,,,,,,,,,,,,,
1280.037088,0.042901536,,,,,,,,,,,,,,,,,,,,,,,,,,,,,,,,,,,,,,,,,,,,,,,,,,,,,,,,,,,,,,,,,,,,,,,,,,,,
1281.098822,0.043295307,,,,,,,,,,,,,,,,,,,,,,,,,,,,,,,,,,,,,,,,,,,,,,,,,,,,,,,,,,,,,,,,,,,,,,,,,,,,
1282.050538,0.043690522,,,,,,,,,,,,,,,,,,,,,,,,,,,,,,,,,,,,,,,,,,,,,,,,,,,,,,,,,,,,,,,,,,,,,,,,,,,,
1282.921132,0.044086634,,,,,,,,,,,,,,,,,,,,,,,,,,,,,,,,,,,,,,,,,,,,,,,,,,,,,,,,,,,,,,,,,,,,,,,,,,,,
1283.772113,0.044471812,,,,,,,,,,,,,,,,,,,,,,,,,,,,,,,,,,,,,,,,,,,,,,,,,,,,,,,,,,,,,,,,,,,,,,,,,,,,
1284.705385,0.044831677,,,,,,,,,,,,,,,,,,,,,,,,,,,,,,,,,,,,,,,,,,,,,,,,,,,,,,,,,,,,,,,,,,,,,,,,,,,,
1285.735843,0.045216799,,,,,,,,,,,,,,,,,,,,,,,,,,,,,,,,,,,,,,,,,,,,,,,,,,,,,,,,,,,,,,,,,,,,,,,,,,,,
1286.748361,0.045674607,,,,,,,,,,,,,,,,,,,,,,,,,,,,,,,,,,,,,,,,,,,,,,,,,,,,,,,,,,,,,,,,,,,,,,,,,,,,
1287.540241,0.046040568,,,,,,,,,,,,,,,,,,,,,,,,,,,,,,,,,,,,,,,,,,,,,,,,,,,,,,,,,,,,,,,,,,,,,,,,,,,,
1288.513654,0.046475451,,,,,,,,,,,,,,,,,,,,,,,,,,,,,,,,,,,,,,,,,,,,,,,,,,,,,,,,,,,,,,,,,,,,,,,,,,,,
1289.468662,0.046846317,,,,,,,,,,,,,,,,,,,,,,,,,,,,,,,,,,,,,,,,,,,,,,,,,,,,,,,,,,,,,,,,,,,,,,,,,,,,
1290.43656,0.047288025,,,,,,,,,,,,,,,,,,,,,,,,,,,,,,,,,,,,,,,,,,,,,,,,,,,,,,,,,,,,,,,,,,,,,,,,,,,,
1291.261665,0.047669086,,,,,,,,,,,,,,,,,,,,,,,,,,,,,,,,,,,,,,,,,,,,,,,,,,,,,,,,,,,,,,,,,,,,,,,,,,,,
1292.091099,0.04808027,,,,,,,,,,,,,,,,,,,,,,,,,,,,,,,,,,,,,,,,,,,,,,,,,,,,,,,,,,,,,,,,,,,,,,,,,,,,
1292.879024,0.048510767,,,,,,,,,,,,,,,,,,,,,,,,,,,,,,,,,,,,,,,,,,,,,,,,,,,,,,,,,,,,,,,,,,,,,,,,,,,,
1293.50037,0.048910952,,,,,,,,,,,,,,,,,,,,,,,,,,,,,,,,,,,,,,,,,,,,,,,,,,,,,,,,,,,,,,,,,,,,,,,,,,,,
1294.203908,0.049324532,,,,,,,,,,,,,,,,,,,,,,,,,,,,,,,,,,,,,,,,,,,,,,,,,,,,,,,,,,,,,,,,,,,,,,,,,,,,
1295.028156,0.049732797,,,,,,,,,,,,,,,,,,,,,,,,,,,,,,,,,,,,,,,,,,,,,,,,,,,,,,,,,,,,,,,,,,,,,,,,,,,,
1295.875944,0.050157012,,,,,,,,,,,,,,,,,,,,,,,,,,,,,,,,,,,,,,,,,,,,,,,,,,,,,,,,,,,,,,,,,,,,,,,,,,,,
1296.650279,0.050563274,,,,,,,,,,,,,,,,,,,,,,,,,,,,,,,,,,,,,,,,,,,,,,,,,,,,,,,,,,,,,,,,,,,,,,,,,,,,
1297.400455,0.050983874,,,,,,,,,,,,,,,,,,,,,,,,,,,,,,,,,,,,,,,,,,,,,,,,,,,,,,,,,,,,,,,,,,,,,,,,,,,,
1298.198727,0.051403716,,,,,,,,,,,,,,,,,,,,,,,,,,,,,,,,,,,,,,,,,,,,,,,,,,,,,,,,,,,,,,,,,,,,,,,,,,,,
1298.939001,0.05182546,,,,,,,,,,,,,,,,,,,,,,,,,,,,,,,,,,,,,,,,,,,,,,,,,,,,,,,,,,,,,,,,,,,,,,,,,,,,
1299.542092,0.05224198,,,,,,,,,,,,,,,,,,,,,,,,,,,,,,,,,,,,,,,,,,,,,,,,,,,,,,,,,,,,,,,,,,,,,,,,,,,,
1300.062508,0.052674337,,,,,,,,,,,,,,,,,,,,,,,,,,,,,,,,,,,,,,,,,,,,,,,,,,,,,,,,,,,,,,,,,,,,,,,,,,,,
1300.555477,0.053066212,,,,,,,,,,,,,,,,,,,,,,,,,,,,,,,,,,,,,,,,,,,,,,,,,,,,,,,,,,,,,,,,,,,,,,,,,,,,
1301.073863,0.053503405,,,,,,,,,,,,,,,,,,,,,,,,,,,,,,,,,,,,,,,,,,,,,,,,,,,,,,,,,,,,,,,,,,,,,,,,,,,,
1301.540415,0.053912145,,,,,,,,,,,,,,,,,,,,,,,,,,,,,,,,,,,,,,,,,,,,,,,,,,,,,,,,,,,,,,,,,,,,,,,,,,,,
1302.091339,0.054376096,,,,,,,,,,,,,,,,,,,,,,,,,,,,,,,,,,,,,,,,,,,,,,,,,,,,,,,,,,,,,,,,,,,,,,,,,,,,
1302.684091,0.054811049,,,,,,,,,,,,,,,,,,,,,,,,,,,,,,,,,,,,,,,,,,,,,,,,,,,,,,,,,,,,,,,,,,,,,,,,,,,,
1303.096446,0.055231942,,,,,,,,,,,,,,,,,,,,,,,,,,,,,,,,,,,,,,,,,,,,,,,,,,,,,,,,,,,,,,,,,,,,,,,,,,,,
1303.461885,0.055653441,,,,,,,,,,,,,,,,,,,,,,,,,,,,,,,,,,,,,,,,,,,,,,,,,,,,,,,,,,,,,,,,,,,,,,,,,,,,
1303.895069,0.056091032,,,,,,,,,,,,,,,,,,,,,,,,,,,,,,,,,,,,,,,,,,,,,,,,,,,,,,,,,,,,,,,,,,,,,,,,,,,,
1304.281402,0.056540998,,,,,,,,,,,,,,,,,,,,,,,,,,,,,,,,,,,,,,,,,,,,,,,,,,,,,,,,,,,,,,,,,,,,,,,,,,,,
1304.518922,0.056979463,,,,,,,,,,,,,,,,,,,,,,,,,,,,,,,,,,,,,,,,,,,,,,,,,,,,,,,,,,,,,,,,,,,,,,,,,,,,
1304.650815,0.057409718,,,,,,,,,,,,,,,,,,,,,,,,,,,,,,,,,,,,,,,,,,,,,,,,,,,,,,,,,,,,,,,,,,,,,,,,,,,,
1304.731425,0.057854174,,,,,,,,,,,,,,,,,,,,,,,,,,,,,,,,,,,,,,,,,,,,,,,,,,,,,,,,,,,,,,,,,,,,,,,,,,,,
1304.766763,0.058296486,,,,,,,,,,,,,,,,,,,,,,,,,,,,,,,,,,,,,,,,,,,,,,,,,,,,,,,,,,,,,,,,,,,,,,,,,,,,
1304.745454,0.058735973,,,,,,,,,,,,,,,,,,,,,,,,,,,,,,,,,,,,,,,,,,,,,,,,,,,,,,,,,,,,,,,,,,,,,,,,,,,,
1304.66582,0.059193548,,,,,,,,,,,,,,,,,,,,,,,,,,,,,,,,,,,,,,,,,,,,,,,,,,,,,,,,,,,,,,,,,,,,,,,,,,,,
